-- phpMyAdmin SQL Dump
-- version 4.2.7.1
-- http://www.phpmyadmin.net
--
-- Host: 127.0.0.1
-- Generation Time: Feb 01, 2015 at 09:30 AM
-- Server version: 5.6.20
-- PHP Version: 5.5.15

SET SQL_MODE = "NO_AUTO_VALUE_ON_ZERO";
SET time_zone = "+00:00";


/*!40101 SET @OLD_CHARACTER_SET_CLIENT=@@CHARACTER_SET_CLIENT */;
/*!40101 SET @OLD_CHARACTER_SET_RESULTS=@@CHARACTER_SET_RESULTS */;
/*!40101 SET @OLD_COLLATION_CONNECTION=@@COLLATION_CONNECTION */;
/*!40101 SET NAMES utf8 */;

--
-- Database: `rma`
--

-- --------------------------------------------------------

--
-- Table structure for table `customers`
--

CREATE TABLE IF NOT EXISTS `customers` (
`id` int(10) NOT NULL,
  `full_name` varchar(100) NOT NULL,
  `email` varchar(100) NOT NULL,
  `shipping_address` text NOT NULL,
  `phone_number` varchar(15) NOT NULL,
  `created_at` timestamp NOT NULL DEFAULT '0000-00-00 00:00:00',
  `updated_at` timestamp NOT NULL DEFAULT CURRENT_TIMESTAMP ON UPDATE CURRENT_TIMESTAMP,
  `deleted` tinyint(10) NOT NULL DEFAULT '0'
) ENGINE=InnoDB  DEFAULT CHARSET=utf8 AUTO_INCREMENT=140 ;

--
-- Dumping data for table `customers`
--

INSERT INTO `customers` (`id`, `full_name`, `email`, `shipping_address`, `phone_number`, `created_at`, `updated_at`, `deleted`) VALUES
(1, 'six', 'six@gmail.com', '', '', '0000-00-00 00:00:00', '2014-12-19 06:34:04', 0),
(2, 'one', 'one@gmail.com', '', '', '0000-00-00 00:00:00', '2014-12-19 06:34:04', 0),
(3, 'one', 'one@gmail.com', '', '', '0000-00-00 00:00:00', '2014-12-19 06:34:04', 0),
(4, 'two', 'two@gmail.com', '', '', '0000-00-00 00:00:00', '2014-12-19 06:34:04', 0),
(5, 'three', 'three@gmail.com', '', '', '0000-00-00 00:00:00', '2014-12-19 06:34:04', 0),
(6, 'motoxa;sjdofiadj', 'j.chi2241@gmail.com', '18012 Antonio AveCerritos, CA 90703', '', '2014-12-20 08:00:00', '2014-12-21 00:34:33', 0),
(7, 'test', 'test@gmail.com', '1290 Kifer Rd. Ste 306Sunnyvale, CA 94086', '4082452551', '0000-00-00 00:00:00', '2014-12-21 00:36:34', 0),
(8, 'test2', 'test2update3@gmail.com', 'fake address', '', '2014-12-19 06:38:35', '2014-12-19 06:40:16', 0),
(9, 'asdf', 'afd@gmail.com', 'asdf', '5623033140', '2014-12-19 08:02:54', '2014-12-19 08:02:54', 0),
(10, 'asdf', 'afd@gmail.com', 'asdf', '5623033140', '2014-12-19 08:03:15', '2014-12-19 08:03:15', 0),
(11, 'asdf', 'afd@gmail.com', 'asdf', '5623033140', '2014-12-19 08:04:04', '2014-12-19 08:04:04', 0),
(12, 'asdf', 'asdf@gmail.com', 'asdf', '5623033140', '2014-12-19 08:04:18', '2014-12-19 08:04:46', 0),
(13, 'moto', 'moto@gmail.com', 'moto', '5623033140', '2014-12-19 08:27:14', '2014-12-19 08:27:14', 0),
(14, 'motox', 'motox@gmail.com', 'aasdf', '5623033140', '2014-12-19 08:35:30', '2014-12-19 08:35:30', 0),
(15, 'motox2', 'motox2@gmail.com', 'asdf', '56230331400', '2014-12-19 08:37:00', '2014-12-19 08:37:00', 0),
(17, 'ja;fsdijfa;disofj', 'hi@gmail.com', '', '', '2014-12-19 09:04:35', '2014-12-19 09:04:35', 0),
(18, 'asdfasdf', 'asdf@gmail.com', 'asdf', '', '2014-12-19 09:07:30', '2014-12-19 09:07:30', 0),
(19, 'test33', 'test33@gmail.com', 'blahbla\r\nbhalhba\r\nba;abaj;asijdf', '5623033140', '2014-12-19 10:05:24', '2014-12-19 10:05:24', 0),
(20, 'asdffff', 'asdfffff@gmail.com', 'asdfasdf', '5623033140', '2014-12-19 10:08:20', '2014-12-19 10:08:20', 0),
(21, 'helloworld', 'hellworld@gmail.com', '', '', '2014-12-19 10:11:58', '2014-12-21 02:41:54', 0),
(22, 'asdf', 'asdf', 'adsf', 'asdf', '2014-12-19 10:14:24', '2014-12-19 10:14:24', 0),
(23, 'asdf', 'sadf@gmail.com', 'asdfasdasdf', 'asdf', '2014-12-19 10:14:47', '2014-12-19 10:14:47', 0),
(24, 'asdf', 'asd@f.com', 'asdf', '', '2014-12-19 10:15:01', '2014-12-19 10:15:01', 0),
(25, 'asdf', 'asd@f.com', 'asdf', '', '2014-12-19 10:20:33', '2014-12-19 10:20:33', 0),
(26, 'asdf', 'asd@f.com', 'asdf', '', '2014-12-19 10:21:20', '2014-12-19 10:21:20', 0),
(27, 'asdf', 'asd@f.com', 'asdf', '', '2014-12-19 10:23:05', '2014-12-19 10:23:05', 0),
(28, 'justin', 'justin@gmail.com', '', '', '2014-12-21 01:38:28', '2014-12-21 02:29:11', 0),
(29, 'justin', 'justin@gmail.com', 'asdfasdfasdfasdf', '', '2014-12-21 01:38:52', '2014-12-22 06:15:18', 0),
(30, 'testupdate', 'justin@gmail.com', 'dfds', '', '2014-12-21 01:39:12', '2014-12-22 06:15:33', 0),
(31, 'finally', 'blahblah', '', '', '2014-12-22 06:35:36', '2014-12-22 06:35:36', 0),
(32, 'IT WORKS OMfG', 'a@gmail.com', 'blablatown\r\n', '4564561234', '2014-12-22 11:46:56', '2014-12-22 11:46:56', 0),
(33, 'chipotle', 'chipotle@gmail.com', 'chipotle', '5623033140', '2015-01-12 02:26:25', '2015-01-12 02:26:25', 0),
(34, 'chipotle', 'chipotle@gmail.com', 'chipotle', '5623033140', '2015-01-12 02:26:57', '2015-01-12 02:26:57', 0),
(35, 'test', 'test@gmail.com', '', '', '2015-01-12 05:10:44', '2015-01-12 05:10:44', 0),
(36, 'test2', 'test@gmail.com', '', '', '2015-01-12 05:14:37', '2015-01-12 05:14:37', 0),
(37, 'test3', 'test3@gmail.com', '', '', '2015-01-12 05:16:41', '2015-01-12 05:16:41', 0),
(38, 'test4', 'test4@gmail.com', '', '', '2015-01-12 05:17:50', '2015-01-12 05:17:50', 0),
(39, 'test5', 'test5@gmail.com', '', '', '2015-01-12 05:19:10', '2015-01-12 05:19:10', 0),
(40, 'test6', 'test6@gmail.com', '', '', '2015-01-12 05:22:58', '2015-01-12 05:22:58', 0),
(41, 'test', 'test@gmail.com', '', '', '2015-01-12 05:23:18', '2015-01-12 05:23:18', 0),
(42, 'hello', 'hello@gmail.com', '', '', '2015-01-12 05:25:43', '2015-01-12 05:25:43', 0),
(43, 'hello1', 'hello1@gmail.com', '', '', '2015-01-12 05:26:14', '2015-01-12 05:26:14', 0),
(44, 'hello2', 'hello2@gmail.com', '', '', '2015-01-12 05:26:48', '2015-01-12 05:26:48', 0),
(45, 'hello2', 'hello2@gmail.com', '', '', '2015-01-12 05:28:05', '2015-01-12 05:28:05', 0),
(46, 'changed here', 'hello3@gmail.com', '', '', '2015-01-12 05:35:08', '2015-01-12 05:37:25', 0),
(47, 'pirate', 'pirate@gmail.com', '', '', '2015-01-12 05:38:22', '2015-01-12 05:38:22', 0),
(48, 'pirate2', 'pirate2@gmail.com', '', '', '2015-01-12 05:39:14', '2015-01-12 05:39:14', 0),
(49, 'pirate4', 'pirate4@gmail.com', '', '', '2015-01-12 05:44:31', '2015-01-12 05:44:31', 0),
(50, 'pirate5', 'pirate5@gmail.com', '', '', '2015-01-12 05:45:05', '2015-01-12 05:45:05', 0),
(51, 'mcd', 'mcd@gmail.com', '', '', '2015-01-12 05:47:34', '2015-01-12 05:47:34', 0),
(52, 'harhar', 'harhar@gmail.com', '', '', '2015-01-12 05:48:04', '2015-01-12 05:48:04', 0),
(53, 'blahbalh555', 'blahbah555@gmail.com', '18012 st.hellohello hello', '1112223333', '2015-01-12 07:52:54', '2015-01-12 07:53:01', 0),
(54, 'rma and ref test', 'rmareftest@gmail.com', 'im going to sleep if this works', '5623033140', '2015-01-12 10:29:38', '2015-01-12 10:29:38', 0),
(55, 'done for tonight', 'donefortonight@gmail.com', 'donefortonight\ndonefortonight\ndone for tonight 94939', '1112223333', '2015-01-13 09:31:36', '2015-01-13 09:31:36', 0),
(56, 'secondtest', 'secondtest@gmail.com', 'blahblahsecondtest', '1231231234', '2015-01-13 10:08:49', '2015-01-13 10:08:49', 0),
(57, 'lasttest', 'lasttest@gmail', 'lasttest', '', '2015-01-13 10:15:57', '2015-01-13 10:15:57', 0),
(58, 'lasttest', 'lasttest@gmail', 'lasttest', '', '2015-01-13 10:16:41', '2015-01-13 10:16:41', 0),
(59, 'lastone', 'lastone@gmail.com', '', '', '2015-01-13 10:19:51', '2015-01-13 10:19:51', 0),
(60, 'forever', 'forever@gmail.com', '', '', '2015-01-13 10:20:48', '2015-01-13 10:20:48', 0),
(61, 'hello', 'hello@gmail.com', 'hello today', '3334445555', '2015-01-14 08:56:35', '2015-01-14 08:56:35', 0),
(63, 'test3', 'test3@gmail.com', 'test3', 'test3', '2015-01-14 09:11:18', '2015-01-14 09:11:18', 0),
(65, 'test5', 'test5@gmail.com', 'test5', 'test5', '2015-01-14 09:17:58', '2015-01-14 09:17:58', 0),
(67, 'test7', 'test7@gmail.com', 'test7', 'test7', '2015-01-14 09:29:38', '2015-01-14 09:29:38', 0),
(68, 'testest', 'testest@hotmail.com', 'testest', 'adsfasdf', '2015-01-15 09:43:11', '2015-01-15 10:17:29', 0),
(69, 'aa', 'aa@gmail.com', 'aa', 'aa', '2015-01-16 10:09:10', '2015-01-16 10:09:10', 0),
(70, 'bb', 'bb@gmail.com', 'bb', 'bb', '2015-01-16 10:09:47', '2015-01-16 10:09:47', 0),
(71, 'cc', 'cc', 'cc', 'cc', '2015-01-16 10:11:32', '2015-01-16 10:11:32', 0),
(72, 'dd', 'dd', 'dd', 'dd', '2015-01-16 10:12:05', '2015-01-16 10:12:05', 0),
(73, 'ee', 'ee@g.com', 'ee', 'ee', '2015-01-16 10:12:22', '2015-01-16 10:12:22', 0),
(74, 'ff', 'ff@gmail.com', 'ff', 'ff', '2015-01-16 10:13:12', '2015-01-16 10:13:12', 0),
(75, 'ggg', 'ggg@gmail.com', 'ggg', 'ggg', '2015-01-16 10:14:28', '2015-01-16 10:14:28', 0),
(76, 'hhh', 'hhh@gmail.com', 'hhh', 'hhh', '2015-01-16 10:18:02', '2015-01-16 10:18:02', 0),
(77, 'iii', 'iii@gmail.com', 'iii', 'iii', '2015-01-16 10:24:43', '2015-01-16 10:24:43', 0),
(78, 'aaa', 'aaa@gmail.com', 'aaa', 'aaa', '2015-01-16 10:28:38', '2015-01-16 10:28:38', 0),
(79, 'bbb', 'bbb@gmail.com', 'bbb', 'bbb', '2015-01-16 10:29:45', '2015-01-16 10:29:45', 0),
(80, 'ccc', 'ccc@gmail.com', 'ccc', 'ccc', '2015-01-16 10:30:10', '2015-01-16 10:30:10', 0),
(81, 'ddd', 'ddd@gmai.com', 'ddd', 'ddd', '2015-01-16 10:34:44', '2015-01-16 10:34:44', 0),
(82, 'eee', 'eee@gmail.com', 'eee', 'eee', '2015-01-16 10:35:10', '2015-01-16 10:35:10', 0),
(83, 'fff', 'fff@gmail.com', 'fff', 'fff', '2015-01-16 10:35:48', '2015-01-16 10:35:48', 0),
(84, 'ggg', 'ggg@gmail.com', 'ggg', 'ggg', '2015-01-16 10:36:38', '2015-01-16 10:36:38', 0),
(85, 'aaaaa', 'aaaaa@gmail.com', 'aaaaa', 'aaaaa', '2015-01-16 10:42:27', '2015-01-16 10:42:27', 0),
(86, 'bbbb', 'bbbb@g.com', 'bbbb', 'bbbb', '2015-01-16 10:50:38', '2015-01-16 10:50:38', 0),
(87, 'cccc', 'cccc@g.com', 'cccc', 'cccc', '2015-01-16 10:52:33', '2015-01-16 10:52:33', 0),
(88, 'dddd', 'dddd@gmail.com', 'dddd', 'dddd', '2015-01-16 10:54:00', '2015-01-16 10:54:00', 0),
(89, 'hhhh', 'hhhh@gmail.com', 'hhhh', 'hhhh', '2015-01-16 10:54:31', '2015-01-16 10:54:31', 0),
(90, 'ssss', 'ssss@gmail.com', 'ssss', 'ssss', '2015-01-16 10:56:18', '2015-01-16 10:56:18', 0),
(91, 'sssss', 'sssss@gmail.com', 'sssss', 'sssss', '2015-01-16 10:56:51', '2015-01-16 10:56:51', 0),
(92, 'PLEASE FUCKING WORK', 'PLEASEFUCKINGWORK@g.com', 'PLEASE FUCKING WORK', 'PLEASE FUCKING ', '2015-01-16 10:59:46', '2015-01-16 10:59:46', 0),
(93, 'aaaa', 'aaaa@g.com', 'aaaa', 'aaaa', '2015-01-16 11:02:08', '2015-01-16 11:02:08', 0),
(94, 'qqqq', 'qqqq@gmail.com', 'qqqq', 'qqqq', '2015-01-16 11:07:17', '2015-01-16 11:07:17', 0),
(95, 'hello', 'hello@gmail.com', 'hello', 'hello', '2015-01-17 23:18:14', '2015-01-17 23:18:14', 0),
(96, 'a', 'a@g.com', 'a', 'a', '2015-01-18 10:09:01', '2015-01-18 10:09:01', 0),
(97, 'b', 'b@g.com', 'b', 'b', '2015-01-18 10:40:09', '2015-01-18 10:40:09', 0),
(98, 'c', 'c@g.com', 'c', 'c', '2015-01-18 10:41:43', '2015-01-18 10:41:43', 0),
(99, 'd', 'd@g.com', 'd', 'd', '2015-01-18 10:50:31', '2015-01-18 10:50:31', 0),
(100, 'e', 'e@g.com', 'e', 'e', '2015-01-18 10:51:25', '2015-01-18 10:51:25', 0),
(101, 'fff', 'fff@g.com', 'fff', 'fff', '2015-01-18 10:59:52', '2015-01-18 10:59:52', 0),
(102, 'ggg', 'ggg@g.com', 'ggg', 'ggg', '2015-01-18 11:01:16', '2015-01-18 11:01:16', 0),
(103, 'hhh', 'hhh@g.com', 'hhh', 'hhh', '2015-01-18 11:26:07', '2015-01-18 11:26:07', 0),
(104, 'iii', 'iii@gmail.com', 'iii', 'iii', '2015-01-18 11:28:09', '2015-01-18 11:28:09', 0),
(105, 'eee', 'eee@g.com', 'eee', 'eee', '2015-01-19 01:19:27', '2015-01-19 01:19:27', 0),
(106, 'sss', 'sss@g.com', 'sss', 'sss', '2015-01-19 01:26:12', '2015-01-19 01:26:12', 0),
(107, 'eeeee', 'eeeee@g.com', 'eeeee', 'eeeee', '2015-01-19 01:28:49', '2015-01-19 01:28:49', 0),
(108, 'fffff', 'fffff', 'fffff', 'fffff', '2015-01-19 01:35:21', '2015-01-19 01:35:21', 0),
(109, 'aaaaa', 'aaaaa@g.com', 'aaaaa', 'aaaaa', '2015-01-19 01:45:49', '2015-01-19 01:45:49', 0),
(110, 'qqqq', 'qqqq@g.com', 'qqqq', 'qqqq', '2015-01-19 01:49:19', '2015-01-19 01:49:19', 0),
(111, 'ggggg', 'ggggg@g.com', 'ggggg', 'ggggg', '2015-01-19 01:51:17', '2015-01-19 01:51:17', 0),
(112, 'sss', 'sss@g.com', 'sss', 'sss', '2015-01-24 11:19:47', '2015-01-24 11:19:47', 0),
(113, 'Justin Chi Justin Chi', 'ssss@g.com', 'ssss', 'ssss', '2015-01-24 11:22:02', '2015-01-25 02:33:43', 0),
(114, 'aaaa', 'aaaa@g.com', 'aaaa', 'aaaa', '2015-01-24 11:30:44', '2015-01-24 11:30:44', 0),
(115, 'dddd', 'dddd', 'dddd', 'dddd', '2015-01-24 11:41:18', '2015-01-24 11:41:18', 0),
(116, 'qqq', 'qqq@g.com', 'qqq', 'qqq', '2015-01-24 11:42:03', '2015-01-24 11:42:03', 0),
(117, 'www', 'www@g.com', 'www', 'www', '2015-01-24 11:43:59', '2015-01-24 11:43:59', 0),
(118, 'zzzz', 'zzzz@g.com', 'zzzz', 'zzzz', '2015-01-24 11:45:15', '2015-01-24 11:45:15', 0),
(119, 'TEST TEST', 'TESTTEST@g.com', 'TEST TEST', 'TEST TEST', '2015-01-25 03:01:22', '2015-01-25 03:01:22', 0),
(120, 'hellhell', 'hell@g.com', 'hell', 'hell', '2015-01-25 03:03:06', '2015-01-25 10:46:36', 0),
(121, 'asdfasdf', 'aaaaaa@g.com', 'aaaaaa', 'aaaaaa', '2015-01-25 03:11:40', '2015-01-25 10:46:25', 0),
(122, 'justinchitest', 'justinchitest@g.com', 'justinchitest', 'justinchitest', '2015-01-26 02:36:35', '2015-01-26 02:36:35', 0),
(123, 'TTTTT', 'TTTTT', 'TTTTT', 'TTTTT', '2015-01-26 02:38:46', '2015-01-26 02:38:46', 0),
(124, 'AAAA', 'AAAA@g.com', 'AAAA', 'AAAA', '2015-01-30 07:59:18', '2015-01-30 07:59:18', 0),
(125, 'DDDD', 'DDDD@g.com', 'DDDD', 'DDDD', '2015-01-30 08:01:15', '2015-01-30 08:01:15', 0),
(126, 'aaaa', 'aaaa@g.com', 'aaaa', 'aaaa', '2015-01-30 08:15:25', '2015-01-30 08:15:25', 0),
(127, 'bbbb', 'bbbb@b.com', 'bbbb', 'bbbb', '2015-01-30 08:15:46', '2015-01-30 08:15:46', 0),
(128, 'CCCC', 'CCCC@g.com', 'CCCC', 'CCCC', '2015-01-30 08:16:27', '2015-01-30 08:16:27', 0),
(129, 'D', 'D@g.com', 'D', 'D', '2015-01-30 08:16:58', '2015-01-30 08:16:58', 0),
(130, 'E', 'E@g.com', 'E', 'E', '2015-01-30 08:18:09', '2015-01-30 08:18:09', 0),
(131, 'FFF', 'FFF@g.com', 'FFF', 'FFF', '2015-01-30 09:02:48', '2015-01-30 09:02:48', 0),
(132, 'GGG', 'GGG@g.com', 'GGG', 'GGG', '2015-01-30 09:05:49', '2015-01-30 09:05:49', 0),
(133, 'HH', 'HH@g.com', 'HH', 'HH', '2015-01-30 09:08:08', '2015-01-30 09:08:08', 0),
(134, 'i', 'i@g.com', 'i', 'i', '2015-01-30 09:10:06', '2015-01-30 09:10:06', 0),
(135, 'jjj', 'jjj@g.com', 'jjj', 'jjj', '2015-01-30 09:11:24', '2015-01-30 09:11:24', 0),
(136, 'KKK', 'KKK@g.com', 'KKK', 'KKK', '2015-01-30 09:12:55', '2015-01-30 09:12:55', 0),
(137, 'NNN', 'NNN@g.com', 'NNN', 'NNN', '2015-01-30 09:18:59', '2015-01-30 09:18:59', 0),
(138, 'QQQ', 'QQQ@g.com', 'QQQ', 'QQQ', '2015-01-30 09:39:45', '2015-01-30 09:39:45', 0),
(139, 'EEE', 'EEE@g.com', 'EEE', 'EEE', '2015-02-01 00:03:16', '2015-02-01 00:03:16', 0);

-- --------------------------------------------------------

--
-- Table structure for table `devices`
--

CREATE TABLE IF NOT EXISTS `devices` (
`id` int(10) NOT NULL,
  `model_id` varchar(100) NOT NULL,
  `name` varchar(100) NOT NULL,
  `deleted` tinyint(10) NOT NULL DEFAULT '0'
) ENGINE=InnoDB  DEFAULT CHARSET=utf8 AUTO_INCREMENT=11 ;

--
-- Dumping data for table `devices`
--

INSERT INTO `devices` (`id`, `model_id`, `name`, `deleted`) VALUES
(1, 'RC3', 'Remote Tag', 0),
(2, 'DWS3', 'Contact Sensor', 0),
(3, 'PIR3', 'Motion Sensor', 0),
(4, 'SP3', 'Smart Switch', 0),
(5, 'iPU3', 'CubeOne', 0),
(6, 'iSC3', 'iCamera KEEP', 0),
(7, 'Jellyfish', 'iCamera (First Gen)', 0),
(8, '', 'Preferred Package', 0),
(9, '', 'Premium Package', 0),
(10, '', 'Deluxe Package', 0);

-- --------------------------------------------------------

--
-- Table structure for table `early_ships`
--

CREATE TABLE IF NOT EXISTS `early_ships` (
`id` int(10) NOT NULL,
  `customer_id` int(10) NOT NULL,
  `sample_id` int(10) NOT NULL,
  `shipping_carrier` varchar(100) NOT NULL,
  `tracking_number` varchar(100) NOT NULL,
  `date_received` date NOT NULL,
  `created_at` timestamp NOT NULL DEFAULT '0000-00-00 00:00:00',
  `updated_at` timestamp NOT NULL DEFAULT CURRENT_TIMESTAMP ON UPDATE CURRENT_TIMESTAMP,
  `deleted` tinyint(10) NOT NULL DEFAULT '0'
) ENGINE=InnoDB  DEFAULT CHARSET=utf8 AUTO_INCREMENT=62 ;

--
-- Dumping data for table `early_ships`
--

INSERT INTO `early_ships` (`id`, `customer_id`, `sample_id`, `shipping_carrier`, `tracking_number`, `date_received`, `created_at`, `updated_at`, `deleted`) VALUES
(1, 1, 0, '', '', '0000-00-00', '0000-00-00 00:00:00', '2014-12-19 07:22:24', 0),
(2, 4, 0, '', '', '0000-00-00', '0000-00-00 00:00:00', '2014-12-19 07:22:24', 0),
(3, 5, 0, '', '', '0000-00-00', '0000-00-00 00:00:00', '2014-12-19 07:22:24', 0),
(4, 6, 0, '', '', '0000-00-00', '0000-00-00 00:00:00', '2014-12-19 07:22:24', 0),
(5, 7, 0, '', '', '0000-00-00', '0000-00-00 00:00:00', '2014-12-19 07:22:24', 0),
(6, 8, 0, '', '', '0000-00-00', '0000-00-00 00:00:00', '2014-12-19 07:22:24', 0),
(7, 0, 0, '', '', '0000-00-00', '0000-00-00 00:00:00', '2014-12-19 07:53:33', 0),
(8, 0, 0, '', '', '0000-00-00', '0000-00-00 00:00:00', '2014-12-19 07:58:09', 0),
(9, 0, 0, '', '', '0000-00-00', '0000-00-00 00:00:00', '2014-12-19 07:58:57', 0),
(10, 0, 0, '', '', '0000-00-00', '0000-00-00 00:00:00', '2014-12-19 07:59:57', 0),
(11, 0, 0, '', '', '0000-00-00', '0000-00-00 00:00:00', '2014-12-19 08:00:11', 0),
(12, 0, 0, '', '', '0000-00-00', '0000-00-00 00:00:00', '2014-12-19 08:01:21', 0),
(13, 0, 0, '', '', '0000-00-00', '0000-00-00 00:00:00', '2014-12-19 08:01:40', 0),
(14, 0, 0, '', '', '0000-00-00', '0000-00-00 00:00:00', '2014-12-19 08:02:23', 0),
(15, 0, 0, '', '', '0000-00-00', '0000-00-00 00:00:00', '2014-12-19 08:02:43', 0),
(16, 9, 0, '', '', '0000-00-00', '0000-00-00 00:00:00', '2014-12-19 08:02:54', 0),
(17, 10, 0, '', '', '0000-00-00', '0000-00-00 00:00:00', '2014-12-19 08:03:15', 0),
(18, 11, 0, '', '', '0000-00-00', '0000-00-00 00:00:00', '2014-12-19 08:04:04', 0),
(19, 12, 0, '', '', '0000-00-00', '0000-00-00 00:00:00', '2014-12-19 08:04:18', 0),
(20, 13, 0, '', '', '0000-00-00', '0000-00-00 00:00:00', '2014-12-19 08:27:14', 0),
(21, 15, 0, '', '', '0000-00-00', '0000-00-00 00:00:00', '2014-12-19 08:37:00', 0),
(22, 16, 0, '', '', '0000-00-00', '0000-00-00 00:00:00', '2014-12-19 08:42:05', 0),
(23, 17, 0, '', '', '0000-00-00', '2014-12-19 09:04:35', '2014-12-19 09:04:35', 0),
(24, 18, 0, '', '', '0000-00-00', '2014-12-19 09:07:30', '2014-12-19 09:07:30', 0),
(25, 19, 0, '', '', '0000-00-00', '2014-12-19 10:05:24', '2014-12-19 10:05:24', 0),
(26, 20, 0, '', '', '0000-00-00', '2014-12-19 10:08:20', '2014-12-19 10:08:20', 0),
(27, 21, 0, '', '', '0000-00-00', '2014-12-19 10:11:58', '2014-12-19 10:11:58', 0),
(28, 22, 0, '', '', '0000-00-00', '2014-12-19 10:14:24', '2014-12-19 10:14:24', 0),
(29, 23, 0, '', '', '0000-00-00', '2014-12-19 10:14:47', '2014-12-19 10:14:47', 0),
(30, 24, 0, '', '', '0000-00-00', '2014-12-19 10:15:01', '2014-12-19 10:15:01', 0),
(31, 25, 0, '', '', '0000-00-00', '2014-12-19 10:20:33', '2014-12-19 10:20:33', 0),
(32, 26, 0, '', '', '0000-00-00', '2014-12-19 10:21:21', '2014-12-19 10:21:21', 0),
(33, 27, 0, '', '', '0000-00-00', '2014-12-19 10:23:05', '2014-12-19 10:23:05', 0),
(34, 0, 0, '', '', '0000-00-00', '2014-12-21 01:12:12', '2014-12-21 01:12:12', 0),
(35, 0, 0, '', '', '0000-00-00', '2014-12-21 01:13:03', '2014-12-21 01:13:03', 0),
(36, 0, 0, '', '', '0000-00-00', '2014-12-21 01:13:32', '2014-12-21 01:13:32', 0),
(37, 0, 0, '', '', '0000-00-00', '2014-12-21 01:30:25', '2014-12-21 01:30:25', 0),
(38, 0, 0, '', '', '0000-00-00', '2014-12-21 01:33:44', '2014-12-21 01:33:44', 0),
(39, 0, 0, '', '', '0000-00-00', '2014-12-21 01:35:15', '2014-12-21 01:35:15', 0),
(40, 0, 0, '', '', '0000-00-00', '2014-12-21 01:36:47', '2014-12-21 01:36:47', 0),
(41, 28, 0, '', '', '0000-00-00', '2014-12-21 01:38:28', '2014-12-21 01:38:28', 0),
(42, 29, 0, '', '', '0000-00-00', '2014-12-21 01:38:52', '2014-12-21 01:38:52', 0),
(43, 30, 0, '', '', '0000-00-00', '2014-12-21 01:39:12', '2014-12-21 01:39:12', 0),
(44, 31, 0, '', '', '0000-00-00', '2014-12-22 06:35:36', '2014-12-22 06:35:36', 0),
(45, 49, 0, '', '1zaualishgeialusgh', '0000-00-00', '2015-01-12 05:44:31', '2015-01-12 05:44:31', 0),
(46, 50, 0, '', 'asdfasdf', '0000-00-00', '2015-01-12 05:45:05', '2015-01-12 05:45:05', 0),
(47, 51, 0, 'UPS', '1zasahsdflasjdfha', '0000-00-00', '2015-01-12 05:47:34', '2015-01-12 05:47:34', 0),
(48, 52, 0, 'FedEx', 'asdf;ijasdf;', '0000-00-00', '2015-01-12 05:48:04', '2015-01-12 05:48:04', 0),
(49, 53, 56, 'FedEx', 'asdfasdfafsdasdf', '0000-00-00', '2015-01-12 07:52:55', '2015-01-12 10:47:54', 0),
(50, 54, 57, 'USPS', '1zabiflwksjfowls', '0000-00-00', '2015-01-12 10:29:38', '2015-01-12 10:45:10', 0),
(51, 55, 58, 'FedEx', '1zasdsd;;asdfasdfwwh', '0000-00-00', '2015-01-13 09:31:36', '2015-01-13 09:31:36', 0),
(52, 57, 59, 'FedEx', 'lasttest', '2015-01-01', '2015-01-13 10:15:57', '2015-01-15 10:51:46', 0),
(53, 58, 60, 'FedEx', 'lasttest', '0000-00-00', '2015-01-13 10:16:41', '2015-01-13 10:16:41', 0),
(54, 61, 62, 'UPS', 'hellotoday', '0000-00-00', '2015-01-14 08:56:35', '2015-01-14 08:56:35', 0),
(55, 66, 63, 'FedEx', 'test6', '0000-00-00', '2015-01-14 09:28:46', '2015-01-14 09:28:46', 0),
(56, 68, 64, 'UPS', 'testest', '0000-00-00', '2015-01-15 09:43:11', '2015-01-15 09:43:11', 0),
(57, 69, 60, 'FedEx', 'aa', '0000-00-00', '2015-01-16 10:09:10', '2015-01-16 10:09:10', 0),
(58, 73, 64, 'FedEx', 'ee', '0000-00-00', '2015-01-16 10:12:22', '2015-01-17 22:54:04', 1),
(59, 74, 65, 'FedEx', 'ff', '0000-00-00', '2015-01-16 10:13:12', '2015-01-17 22:53:44', 1),
(60, 92, 83, 'USPS', 'PLEASE FUCKING WORK', '2015-01-07', '2015-01-16 10:59:46', '2015-01-31 09:06:38', 0),
(61, 130, 112, 'FedEx', 'E', '2015-01-01', '2015-01-30 08:18:09', '2015-01-30 08:18:29', 0);

-- --------------------------------------------------------

--
-- Table structure for table `replacements`
--

CREATE TABLE IF NOT EXISTS `replacements` (
`id` int(5) NOT NULL,
  `customer_id` int(5) NOT NULL,
  `devices` text NOT NULL,
  `rma_id` varchar(100) NOT NULL,
  `reference_id` varchar(100) NOT NULL,
  `reason` text NOT NULL,
  `updated_at` timestamp NOT NULL DEFAULT CURRENT_TIMESTAMP ON UPDATE CURRENT_TIMESTAMP,
  `created_at` timestamp NOT NULL DEFAULT '0000-00-00 00:00:00',
  `deleted` tinyint(10) NOT NULL DEFAULT '0'
) ENGINE=InnoDB  DEFAULT CHARSET=utf8 AUTO_INCREMENT=21 ;

--
-- Dumping data for table `replacements`
--

INSERT INTO `replacements` (`id`, `customer_id`, `devices`, `rma_id`, `reference_id`, `reason`, `updated_at`, `created_at`, `deleted`) VALUES
(1, 2, '', '', '', '', '2014-12-19 07:18:40', '0000-00-00 00:00:00', 0),
(2, 3, '', '', '', '', '2014-12-19 07:18:40', '0000-00-00 00:00:00', 0),
(3, 5, '', '', '', '', '2014-12-19 07:18:40', '0000-00-00 00:00:00', 0),
(4, 13, '', '', '', '', '2014-12-19 08:27:14', '0000-00-00 00:00:00', 0),
(5, 14, '', '', '', '', '2014-12-19 08:35:30', '0000-00-00 00:00:00', 0),
(6, 15, '', '', '', '', '2014-12-19 08:37:00', '0000-00-00 00:00:00', 0),
(7, 18, '', '', '', '', '2014-12-19 09:07:30', '2014-12-19 09:07:30', 0),
(8, 20, '888 Remote Tag, 777 CubeOne', '', '', '', '2015-01-24 11:44:00', '2014-12-19 10:08:20', 0),
(9, 47, '', '', '', '', '2015-01-12 05:38:22', '2015-01-12 05:38:22', 0),
(10, 48, '', '', '', '', '2015-01-12 05:39:14', '2015-01-12 05:39:14', 0),
(11, 49, '', '', '', '', '2015-01-12 05:44:31', '2015-01-12 05:44:31', 0),
(12, 56, '', '', '', 'secondtest reason', '2015-01-14 09:10:45', '2015-01-13 10:08:49', 0),
(13, 62, '', 'USARP01010101-1', 'R2013-001', 'test2', '2015-01-14 09:10:57', '2015-01-14 09:10:02', 0),
(14, 63, '', 'USARP011415-2', 'R2015-2', 'test3', '2015-01-14 09:11:18', '2015-01-14 09:11:18', 0),
(15, 67, '', 'USARP011415-0000', 'R2015-0003', 'test7', '2015-01-17 22:53:33', '2015-01-14 09:29:38', 1),
(16, 93, '', 'USARP011615-0001', 'R2015-0004', 'aaaa', '2015-02-01 08:15:48', '2015-01-16 11:02:08', 0),
(17, 112, '1 Remote Tag, 1 iCamera (First Gen)', 'USARP012415-0002', 'R2015-0005', 'sss', '2015-02-01 08:15:57', '2015-01-24 11:19:47', 0),
(18, 114, '51 iCamera KEEP, 50 Deluxe Package', 'USARP012415-0003', 'R2015-0006', 'aaaa', '2015-02-01 08:17:46', '2015-01-24 11:30:44', 0),
(19, 127, '1 Remote Tag', 'USARP013015-0004', 'R2015-0007', 'bbbb', '2015-02-01 08:15:31', '2015-01-30 08:15:46', 0),
(20, 137, '1 Remote Tag, 2 Motion Sensor, 3 Smart Switch', 'USARP013015-0005', 'R2015-0008', 'NNN', '2015-02-01 08:15:23', '2015-01-30 09:18:59', 0);

-- --------------------------------------------------------

--
-- Table structure for table `requested_devices`
--

CREATE TABLE IF NOT EXISTS `requested_devices` (
`id` int(10) NOT NULL,
  `qty` int(10) NOT NULL,
  `device_id` int(10) NOT NULL,
  `sample_id` int(10) NOT NULL,
  `replacement_id` int(10) NOT NULL,
  `return_id` int(10) NOT NULL,
  `customer_id` int(10) NOT NULL,
  `created_at` timestamp NOT NULL DEFAULT CURRENT_TIMESTAMP ON UPDATE CURRENT_TIMESTAMP,
  `updated_at` timestamp NOT NULL DEFAULT CURRENT_TIMESTAMP ON UPDATE CURRENT_TIMESTAMP,
  `deleted` tinyint(10) NOT NULL DEFAULT '0'
) ENGINE=InnoDB  DEFAULT CHARSET=latin1 AUTO_INCREMENT=371 ;

--
-- Dumping data for table `requested_devices`
--

INSERT INTO `requested_devices` (`id`, `qty`, `device_id`, `sample_id`, `replacement_id`, `return_id`, `customer_id`, `created_at`, `updated_at`, `deleted`) VALUES
(1, 0, 1, 118, 0, 0, 136, '2015-01-30 09:12:55', '2015-01-30 09:12:55', 0),
(2, 0, 3, 118, 0, 0, 136, '2015-01-30 09:12:55', '2015-01-30 09:12:55', 0),
(3, 0, 3, 118, 0, 0, 136, '2015-01-30 09:12:56', '2015-01-30 09:12:56', 0),
(4, 0, 4, 118, 0, 0, 136, '2015-01-30 09:12:56', '2015-01-30 09:12:56', 0),
(5, 0, 4, 118, 0, 0, 136, '2015-01-30 09:12:56', '2015-01-30 09:12:56', 0),
(6, 0, 4, 118, 0, 0, 136, '2015-01-30 09:12:56', '2015-01-30 09:12:56', 0),
(7, 0, 1, 0, 20, 0, 137, '2015-01-30 09:18:59', '2015-01-30 09:18:59', 0),
(8, 0, 3, 0, 20, 0, 137, '2015-01-30 09:18:59', '2015-01-30 09:18:59', 0),
(9, 0, 3, 0, 20, 0, 137, '2015-01-30 09:18:59', '2015-01-30 09:18:59', 0),
(10, 0, 4, 0, 20, 0, 137, '2015-01-30 09:18:59', '2015-01-30 09:18:59', 0),
(11, 0, 4, 0, 20, 0, 137, '2015-01-30 09:18:59', '2015-01-30 09:18:59', 0),
(12, 0, 4, 0, 20, 0, 137, '2015-01-30 09:18:59', '2015-01-30 09:18:59', 0),
(13, 0, 1, 119, 0, 0, 138, '2015-01-30 09:39:45', '2015-01-30 09:39:45', 0),
(14, 0, 3, 119, 0, 0, 138, '2015-01-30 09:39:45', '2015-01-30 09:39:45', 0),
(15, 0, 3, 119, 0, 0, 138, '2015-01-30 09:39:45', '2015-01-30 09:39:45', 0),
(16, 0, 4, 119, 0, 0, 138, '2015-01-30 09:39:45', '2015-01-30 09:39:45', 0),
(17, 0, 4, 119, 0, 0, 138, '2015-01-30 09:39:45', '2015-01-30 09:39:45', 0),
(18, 0, 4, 119, 0, 0, 138, '2015-01-30 09:39:45', '2015-01-30 09:39:45', 0),
(19, 0, 1, 119, 0, 0, 138, '2015-02-01 08:15:15', '2015-02-01 08:15:15', 1),
(20, 0, 1, 119, 0, 0, 138, '2015-02-01 08:15:15', '2015-02-01 08:15:15', 1),
(21, 0, 1, 119, 0, 0, 138, '2015-02-01 08:15:15', '2015-02-01 08:15:15', 1),
(22, 0, 1, 119, 0, 0, 138, '2015-02-01 08:15:15', '2015-02-01 08:15:15', 1),
(23, 0, 5, 119, 0, 0, 138, '2015-01-31 23:55:20', '2015-01-31 23:55:20', 0),
(24, 0, 1, 119, 0, 0, 138, '2015-02-01 08:15:15', '2015-02-01 08:15:15', 1),
(25, 0, 1, 120, 0, 0, 139, '2015-02-01 06:27:23', '2015-02-01 06:27:23', 1),
(26, 0, 5, 120, 0, 0, 139, '2015-02-01 06:21:38', '2015-02-01 06:21:38', 1),
(27, 0, 5, 120, 0, 0, 139, '2015-02-01 06:21:38', '2015-02-01 06:21:38', 1),
(28, 0, 5, 120, 0, 0, 139, '2015-02-01 06:21:38', '2015-02-01 06:21:38', 1),
(29, 0, 5, 120, 0, 0, 139, '2015-02-01 06:21:38', '2015-02-01 06:21:38', 1),
(30, 0, 5, 120, 0, 0, 139, '2015-02-01 06:21:38', '2015-02-01 06:21:38', 1),
(31, 0, 2, 120, 0, 0, 139, '2015-02-01 06:21:38', '2015-02-01 06:21:38', 1),
(32, 0, 1, 120, 0, 0, 139, '2015-02-01 06:27:23', '2015-02-01 06:27:23', 1),
(33, 0, 1, 120, 0, 0, 139, '2015-02-01 06:27:23', '2015-02-01 06:27:23', 1),
(34, 0, 1, 120, 0, 0, 139, '2015-02-01 06:27:23', '2015-02-01 06:27:23', 1),
(35, 0, 1, 120, 0, 0, 139, '2015-02-01 06:27:23', '2015-02-01 06:27:23', 1),
(36, 0, 1, 120, 0, 0, 139, '2015-02-01 06:27:23', '2015-02-01 06:27:23', 1),
(37, 0, 2, 120, 0, 0, 139, '2015-02-01 06:21:38', '2015-02-01 06:21:38', 1),
(38, 0, 9, 120, 0, 0, 139, '2015-02-01 06:26:59', '2015-02-01 06:26:59', 1),
(39, 0, 10, 120, 0, 0, 139, '2015-02-01 06:21:38', '2015-02-01 06:21:38', 1),
(40, 0, 6, 120, 0, 0, 139, '2015-02-01 06:27:23', '2015-02-01 06:27:23', 1),
(41, 0, 7, 120, 0, 0, 139, '2015-02-01 06:27:14', '2015-02-01 06:27:14', 1),
(42, 0, 1, 120, 0, 0, 139, '2015-02-01 08:07:12', '2015-02-01 08:07:12', 1),
(43, 0, 1, 120, 0, 0, 139, '2015-02-01 08:07:12', '2015-02-01 08:07:12', 1),
(44, 0, 1, 120, 0, 0, 139, '2015-02-01 08:06:40', '2015-02-01 08:06:40', 1),
(45, 0, 1, 120, 0, 0, 139, '2015-02-01 08:06:40', '2015-02-01 08:06:40', 1),
(46, 0, 1, 120, 0, 0, 139, '2015-02-01 08:06:40', '2015-02-01 08:06:40', 1),
(47, 0, 4, 120, 0, 0, 139, '2015-02-01 06:27:43', '2015-02-01 06:27:43', 1),
(48, 0, 4, 120, 0, 0, 139, '2015-02-01 06:27:43', '2015-02-01 06:27:43', 1),
(49, 0, 4, 120, 0, 0, 139, '2015-02-01 06:27:43', '2015-02-01 06:27:43', 1),
(50, 0, 4, 120, 0, 0, 139, '2015-02-01 06:27:43', '2015-02-01 06:27:43', 1),
(51, 0, 4, 120, 0, 0, 139, '2015-02-01 06:27:43', '2015-02-01 06:27:43', 1),
(52, 0, 4, 120, 0, 0, 139, '2015-02-01 06:27:43', '2015-02-01 06:27:43', 1),
(53, 0, 4, 120, 0, 0, 139, '2015-02-01 06:27:43', '2015-02-01 06:27:43', 1),
(54, 0, 4, 120, 0, 0, 139, '2015-02-01 06:27:43', '2015-02-01 06:27:43', 1),
(55, 0, 4, 120, 0, 0, 139, '2015-02-01 06:27:43', '2015-02-01 06:27:43', 1),
(56, 0, 4, 120, 0, 0, 139, '2015-02-01 06:27:43', '2015-02-01 06:27:43', 1),
(57, 0, 4, 120, 0, 0, 139, '2015-02-01 06:27:43', '2015-02-01 06:27:43', 1),
(58, 0, 4, 120, 0, 0, 139, '2015-02-01 06:27:43', '2015-02-01 06:27:43', 1),
(59, 0, 4, 120, 0, 0, 139, '2015-02-01 06:27:43', '2015-02-01 06:27:43', 1),
(60, 0, 4, 120, 0, 0, 139, '2015-02-01 06:27:43', '2015-02-01 06:27:43', 1),
(61, 0, 4, 120, 0, 0, 139, '2015-02-01 06:27:43', '2015-02-01 06:27:43', 1),
(62, 0, 4, 120, 0, 0, 139, '2015-02-01 06:27:43', '2015-02-01 06:27:43', 1),
(63, 0, 4, 120, 0, 0, 139, '2015-02-01 06:27:43', '2015-02-01 06:27:43', 1),
(64, 0, 4, 120, 0, 0, 139, '2015-02-01 06:27:43', '2015-02-01 06:27:43', 1),
(65, 0, 4, 120, 0, 0, 139, '2015-02-01 06:27:43', '2015-02-01 06:27:43', 1),
(66, 0, 4, 120, 0, 0, 139, '2015-02-01 06:27:43', '2015-02-01 06:27:43', 1),
(67, 0, 4, 120, 0, 0, 139, '2015-02-01 06:27:43', '2015-02-01 06:27:43', 1),
(68, 0, 4, 120, 0, 0, 139, '2015-02-01 06:27:43', '2015-02-01 06:27:43', 1),
(69, 0, 4, 120, 0, 0, 139, '2015-02-01 06:27:43', '2015-02-01 06:27:43', 1),
(70, 0, 4, 120, 0, 0, 139, '2015-02-01 06:27:43', '2015-02-01 06:27:43', 1),
(71, 0, 4, 120, 0, 0, 139, '2015-02-01 06:27:43', '2015-02-01 06:27:43', 1),
(72, 0, 4, 120, 0, 0, 139, '2015-02-01 06:27:43', '2015-02-01 06:27:43', 1),
(73, 0, 4, 120, 0, 0, 139, '2015-02-01 06:27:43', '2015-02-01 06:27:43', 1),
(74, 0, 4, 120, 0, 0, 139, '2015-02-01 06:27:43', '2015-02-01 06:27:43', 1),
(75, 0, 4, 120, 0, 0, 139, '2015-02-01 06:27:43', '2015-02-01 06:27:43', 1),
(76, 0, 4, 120, 0, 0, 139, '2015-02-01 06:27:43', '2015-02-01 06:27:43', 1),
(77, 0, 4, 120, 0, 0, 139, '2015-02-01 06:27:43', '2015-02-01 06:27:43', 1),
(78, 0, 4, 120, 0, 0, 139, '2015-02-01 06:27:43', '2015-02-01 06:27:43', 1),
(79, 0, 4, 120, 0, 0, 139, '2015-02-01 06:27:43', '2015-02-01 06:27:43', 1),
(80, 0, 4, 120, 0, 0, 139, '2015-02-01 06:27:43', '2015-02-01 06:27:43', 1),
(81, 0, 4, 120, 0, 0, 139, '2015-02-01 06:27:43', '2015-02-01 06:27:43', 1),
(82, 0, 4, 120, 0, 0, 139, '2015-02-01 06:27:43', '2015-02-01 06:27:43', 1),
(83, 0, 4, 120, 0, 0, 139, '2015-02-01 06:27:43', '2015-02-01 06:27:43', 1),
(84, 0, 4, 120, 0, 0, 139, '2015-02-01 06:27:43', '2015-02-01 06:27:43', 1),
(85, 0, 4, 120, 0, 0, 139, '2015-02-01 06:27:43', '2015-02-01 06:27:43', 1),
(86, 0, 4, 120, 0, 0, 139, '2015-02-01 06:27:43', '2015-02-01 06:27:43', 1),
(87, 0, 4, 120, 0, 0, 139, '2015-02-01 06:27:43', '2015-02-01 06:27:43', 1),
(88, 0, 4, 120, 0, 0, 139, '2015-02-01 06:27:43', '2015-02-01 06:27:43', 1),
(89, 0, 4, 120, 0, 0, 139, '2015-02-01 06:27:43', '2015-02-01 06:27:43', 1),
(90, 0, 4, 120, 0, 0, 139, '2015-02-01 06:27:43', '2015-02-01 06:27:43', 1),
(91, 0, 4, 120, 0, 0, 139, '2015-02-01 06:27:43', '2015-02-01 06:27:43', 1),
(92, 0, 4, 120, 0, 0, 139, '2015-02-01 06:27:43', '2015-02-01 06:27:43', 1),
(93, 0, 4, 120, 0, 0, 139, '2015-02-01 06:27:43', '2015-02-01 06:27:43', 1),
(94, 0, 4, 120, 0, 0, 139, '2015-02-01 06:27:43', '2015-02-01 06:27:43', 1),
(95, 0, 4, 120, 0, 0, 139, '2015-02-01 06:27:43', '2015-02-01 06:27:43', 1),
(96, 0, 4, 120, 0, 0, 139, '2015-02-01 06:27:43', '2015-02-01 06:27:43', 1),
(97, 0, 4, 120, 0, 0, 139, '2015-02-01 06:27:43', '2015-02-01 06:27:43', 1),
(98, 0, 4, 120, 0, 0, 139, '2015-02-01 06:27:43', '2015-02-01 06:27:43', 1),
(99, 0, 4, 120, 0, 0, 139, '2015-02-01 06:27:43', '2015-02-01 06:27:43', 1),
(100, 0, 4, 120, 0, 0, 139, '2015-02-01 06:27:43', '2015-02-01 06:27:43', 1),
(101, 0, 4, 120, 0, 0, 139, '2015-02-01 08:06:40', '2015-02-01 08:06:40', 1),
(102, 0, 4, 120, 0, 0, 139, '2015-02-01 08:06:14', '2015-02-01 08:06:14', 1),
(103, 0, 4, 120, 0, 0, 139, '2015-02-01 08:06:14', '2015-02-01 08:06:14', 1),
(104, 0, 4, 120, 0, 0, 139, '2015-02-01 08:06:14', '2015-02-01 08:06:14', 1),
(105, 0, 4, 120, 0, 0, 139, '2015-02-01 08:06:14', '2015-02-01 08:06:14', 1),
(106, 0, 4, 120, 0, 0, 139, '2015-02-01 08:06:14', '2015-02-01 08:06:14', 1),
(107, 0, 4, 120, 0, 0, 139, '2015-02-01 08:06:14', '2015-02-01 08:06:14', 1),
(108, 0, 4, 120, 0, 0, 139, '2015-02-01 08:06:14', '2015-02-01 08:06:14', 1),
(109, 0, 4, 120, 0, 0, 139, '2015-02-01 08:06:14', '2015-02-01 08:06:14', 1),
(110, 0, 4, 120, 0, 0, 139, '2015-02-01 08:06:14', '2015-02-01 08:06:14', 1),
(111, 0, 4, 120, 0, 0, 139, '2015-02-01 07:52:55', '2015-02-01 07:52:55', 1),
(112, 0, 4, 120, 0, 0, 139, '2015-02-01 07:52:55', '2015-02-01 07:52:55', 1),
(113, 0, 4, 120, 0, 0, 139, '2015-02-01 07:52:55', '2015-02-01 07:52:55', 1),
(114, 0, 4, 120, 0, 0, 139, '2015-02-01 07:52:55', '2015-02-01 07:52:55', 1),
(115, 0, 4, 120, 0, 0, 139, '2015-02-01 07:52:55', '2015-02-01 07:52:55', 1),
(116, 0, 4, 120, 0, 0, 139, '2015-02-01 07:52:55', '2015-02-01 07:52:55', 1),
(117, 0, 4, 120, 0, 0, 139, '2015-02-01 07:52:55', '2015-02-01 07:52:55', 1),
(118, 0, 4, 120, 0, 0, 139, '2015-02-01 07:52:55', '2015-02-01 07:52:55', 1),
(119, 0, 4, 120, 0, 0, 139, '2015-02-01 07:52:55', '2015-02-01 07:52:55', 1),
(120, 0, 4, 120, 0, 0, 139, '2015-02-01 07:52:55', '2015-02-01 07:52:55', 1),
(121, 0, 4, 120, 0, 0, 139, '2015-02-01 07:52:55', '2015-02-01 07:52:55', 1),
(122, 0, 4, 120, 0, 0, 139, '2015-02-01 07:52:55', '2015-02-01 07:52:55', 1),
(123, 0, 4, 120, 0, 0, 139, '2015-02-01 07:52:55', '2015-02-01 07:52:55', 1),
(124, 0, 4, 120, 0, 0, 139, '2015-02-01 07:52:55', '2015-02-01 07:52:55', 1),
(125, 0, 4, 120, 0, 0, 139, '2015-02-01 07:52:55', '2015-02-01 07:52:55', 1),
(126, 0, 4, 120, 0, 0, 139, '2015-02-01 07:52:55', '2015-02-01 07:52:55', 1),
(127, 0, 4, 120, 0, 0, 139, '2015-02-01 07:52:55', '2015-02-01 07:52:55', 1),
(128, 0, 4, 120, 0, 0, 139, '2015-02-01 07:52:55', '2015-02-01 07:52:55', 1),
(129, 0, 4, 120, 0, 0, 139, '2015-02-01 07:52:55', '2015-02-01 07:52:55', 1),
(130, 0, 4, 120, 0, 0, 139, '2015-02-01 07:52:55', '2015-02-01 07:52:55', 1),
(131, 0, 4, 120, 0, 0, 139, '2015-02-01 07:52:55', '2015-02-01 07:52:55', 1),
(132, 0, 4, 120, 0, 0, 139, '2015-02-01 07:52:55', '2015-02-01 07:52:55', 1),
(133, 0, 4, 120, 0, 0, 139, '2015-02-01 07:52:55', '2015-02-01 07:52:55', 1),
(134, 0, 4, 120, 0, 0, 139, '2015-02-01 07:52:55', '2015-02-01 07:52:55', 1),
(135, 0, 4, 120, 0, 0, 139, '2015-02-01 07:52:55', '2015-02-01 07:52:55', 1),
(136, 0, 4, 120, 0, 0, 139, '2015-02-01 07:52:55', '2015-02-01 07:52:55', 1),
(137, 0, 4, 120, 0, 0, 139, '2015-02-01 07:52:55', '2015-02-01 07:52:55', 1),
(138, 0, 4, 120, 0, 0, 139, '2015-02-01 07:52:55', '2015-02-01 07:52:55', 1),
(139, 0, 4, 120, 0, 0, 139, '2015-02-01 07:50:53', '2015-02-01 07:50:53', 1),
(140, 0, 4, 120, 0, 0, 139, '2015-02-01 07:50:53', '2015-02-01 07:50:53', 1),
(141, 0, 4, 120, 0, 0, 139, '2015-02-01 06:41:19', '2015-02-01 06:41:19', 1),
(142, 0, 4, 120, 0, 0, 139, '2015-02-01 06:41:19', '2015-02-01 06:41:19', 1),
(143, 0, 4, 120, 0, 0, 139, '2015-02-01 06:41:19', '2015-02-01 06:41:19', 1),
(144, 0, 4, 120, 0, 0, 139, '2015-02-01 06:41:19', '2015-02-01 06:41:19', 1),
(145, 0, 4, 120, 0, 0, 139, '2015-02-01 06:41:19', '2015-02-01 06:41:19', 1),
(146, 0, 4, 120, 0, 0, 139, '2015-02-01 06:41:19', '2015-02-01 06:41:19', 1),
(147, 0, 4, 120, 0, 0, 139, '2015-02-01 06:41:19', '2015-02-01 06:41:19', 1),
(148, 0, 4, 120, 0, 0, 139, '2015-02-01 06:41:19', '2015-02-01 06:41:19', 1),
(149, 0, 1, 120, 0, 0, 139, '2015-02-01 08:06:40', '2015-02-01 08:06:40', 1),
(150, 0, 1, 120, 0, 0, 139, '2015-02-01 08:06:40', '2015-02-01 08:06:40', 1),
(151, 0, 1, 120, 0, 0, 139, '2015-02-01 08:06:40', '2015-02-01 08:06:40', 1),
(152, 0, 1, 120, 0, 0, 139, '2015-02-01 08:06:40', '2015-02-01 08:06:40', 1),
(153, 0, 1, 120, 0, 0, 139, '2015-02-01 08:06:40', '2015-02-01 08:06:40', 1),
(154, 0, 1, 120, 0, 0, 139, '2015-02-01 08:06:40', '2015-02-01 08:06:40', 1),
(155, 0, 1, 120, 0, 0, 139, '2015-02-01 08:06:40', '2015-02-01 08:06:40', 1),
(156, 0, 1, 120, 0, 0, 139, '2015-02-01 08:06:40', '2015-02-01 08:06:40', 1),
(157, 0, 1, 120, 0, 0, 139, '2015-02-01 08:06:40', '2015-02-01 08:06:40', 1),
(158, 0, 1, 120, 0, 0, 139, '2015-02-01 08:06:40', '2015-02-01 08:06:40', 1),
(159, 0, 1, 120, 0, 0, 139, '2015-02-01 08:06:40', '2015-02-01 08:06:40', 1),
(160, 0, 1, 120, 0, 0, 139, '2015-02-01 08:06:40', '2015-02-01 08:06:40', 1),
(161, 0, 1, 120, 0, 0, 139, '2015-02-01 08:06:40', '2015-02-01 08:06:40', 1),
(162, 0, 1, 120, 0, 0, 139, '2015-02-01 06:41:47', '2015-02-01 06:41:47', 1),
(163, 0, 1, 120, 0, 0, 139, '2015-02-01 06:41:47', '2015-02-01 06:41:47', 1),
(164, 0, 1, 120, 0, 0, 139, '2015-02-01 06:41:47', '2015-02-01 06:41:47', 1),
(165, 0, 1, 120, 0, 0, 139, '2015-02-01 06:41:47', '2015-02-01 06:41:47', 1),
(166, 0, 1, 120, 0, 0, 139, '2015-02-01 06:41:47', '2015-02-01 06:41:47', 1),
(167, 0, 1, 120, 0, 0, 139, '2015-02-01 06:41:47', '2015-02-01 06:41:47', 1),
(168, 0, 1, 120, 0, 0, 139, '2015-02-01 06:41:47', '2015-02-01 06:41:47', 1),
(169, 0, 5, 120, 0, 0, 139, '2015-02-01 06:42:01', '2015-02-01 06:42:01', 1),
(170, 0, 5, 120, 0, 0, 139, '2015-02-01 06:42:01', '2015-02-01 06:42:01', 1),
(171, 0, 5, 120, 0, 0, 139, '2015-02-01 06:42:01', '2015-02-01 06:42:01', 1),
(172, 0, 5, 120, 0, 0, 139, '2015-02-01 06:42:01', '2015-02-01 06:42:01', 1),
(173, 0, 5, 120, 0, 0, 139, '2015-02-01 06:42:01', '2015-02-01 06:42:01', 1),
(174, 0, 5, 120, 0, 0, 139, '2015-02-01 06:42:01', '2015-02-01 06:42:01', 1),
(175, 0, 5, 120, 0, 0, 139, '2015-02-01 06:42:01', '2015-02-01 06:42:01', 1),
(176, 0, 5, 120, 0, 0, 139, '2015-02-01 06:42:01', '2015-02-01 06:42:01', 1),
(177, 0, 5, 120, 0, 0, 139, '2015-02-01 06:42:01', '2015-02-01 06:42:01', 1),
(178, 0, 5, 120, 0, 0, 139, '2015-02-01 06:42:01', '2015-02-01 06:42:01', 1),
(179, 0, 5, 120, 0, 0, 139, '2015-02-01 06:42:01', '2015-02-01 06:42:01', 1),
(180, 0, 5, 120, 0, 0, 139, '2015-02-01 06:42:01', '2015-02-01 06:42:01', 1),
(181, 0, 5, 120, 0, 0, 139, '2015-02-01 06:42:01', '2015-02-01 06:42:01', 1),
(182, 0, 5, 120, 0, 0, 139, '2015-02-01 06:42:01', '2015-02-01 06:42:01', 1),
(183, 0, 5, 120, 0, 0, 139, '2015-02-01 06:42:01', '2015-02-01 06:42:01', 1),
(184, 0, 5, 120, 0, 0, 139, '2015-02-01 06:42:01', '2015-02-01 06:42:01', 1),
(185, 0, 5, 120, 0, 0, 139, '2015-02-01 06:42:01', '2015-02-01 06:42:01', 1),
(186, 0, 5, 120, 0, 0, 139, '2015-02-01 06:42:01', '2015-02-01 06:42:01', 1),
(187, 0, 4, 120, 0, 0, 139, '2015-02-01 07:55:17', '2015-02-01 07:55:17', 1),
(188, 0, 4, 120, 0, 0, 139, '2015-02-01 07:55:17', '2015-02-01 07:55:17', 1),
(189, 0, 4, 120, 0, 0, 139, '2015-02-01 07:55:17', '2015-02-01 07:55:17', 1),
(190, 0, 4, 120, 0, 0, 139, '2015-02-01 07:55:17', '2015-02-01 07:55:17', 1),
(191, 0, 4, 120, 0, 0, 139, '2015-02-01 07:55:17', '2015-02-01 07:55:17', 1),
(192, 0, 5, 120, 0, 0, 139, '2015-02-01 08:06:40', '2015-02-01 08:06:40', 0),
(193, 0, 6, 120, 0, 0, 139, '2015-02-01 08:07:00', '2015-02-01 08:07:00', 0),
(194, 0, 6, 120, 0, 0, 139, '2015-02-01 08:07:00', '2015-02-01 08:07:00', 0),
(195, 0, 7, 120, 0, 0, 139, '2015-02-01 08:07:51', '2015-02-01 08:07:51', 1),
(196, 0, 7, 120, 0, 0, 139, '2015-02-01 08:07:51', '2015-02-01 08:07:51', 1),
(197, 0, 7, 120, 0, 0, 139, '2015-02-01 08:07:51', '2015-02-01 08:07:51', 1),
(198, 0, 7, 120, 0, 0, 139, '2015-02-01 08:07:51', '2015-02-01 08:07:51', 1),
(199, 0, 7, 120, 0, 0, 139, '2015-02-01 08:07:51', '2015-02-01 08:07:51', 1),
(200, 0, 7, 120, 0, 0, 139, '2015-02-01 08:07:51', '2015-02-01 08:07:51', 1),
(201, 0, 7, 120, 0, 0, 139, '2015-02-01 08:07:51', '2015-02-01 08:07:51', 1),
(202, 0, 7, 120, 0, 0, 139, '2015-02-01 08:07:51', '2015-02-01 08:07:51', 1),
(203, 0, 7, 120, 0, 0, 139, '2015-02-01 08:07:51', '2015-02-01 08:07:51', 1),
(204, 0, 7, 120, 0, 0, 139, '2015-02-01 08:07:51', '2015-02-01 08:07:51', 1),
(205, 0, 7, 120, 0, 0, 139, '2015-02-01 08:07:51', '2015-02-01 08:07:51', 1),
(206, 0, 7, 120, 0, 0, 139, '2015-02-01 08:07:51', '2015-02-01 08:07:51', 1),
(207, 0, 7, 120, 0, 0, 139, '2015-02-01 08:07:51', '2015-02-01 08:07:51', 1),
(208, 0, 7, 120, 0, 0, 139, '2015-02-01 08:07:51', '2015-02-01 08:07:51', 1),
(209, 0, 7, 120, 0, 0, 139, '2015-02-01 08:07:51', '2015-02-01 08:07:51', 1),
(210, 0, 7, 120, 0, 0, 139, '2015-02-01 08:07:51', '2015-02-01 08:07:51', 1),
(211, 0, 7, 120, 0, 0, 139, '2015-02-01 08:07:51', '2015-02-01 08:07:51', 1),
(212, 0, 7, 120, 0, 0, 139, '2015-02-01 08:07:51', '2015-02-01 08:07:51', 1),
(213, 0, 7, 120, 0, 0, 139, '2015-02-01 08:07:51', '2015-02-01 08:07:51', 1),
(214, 0, 7, 120, 0, 0, 139, '2015-02-01 08:07:51', '2015-02-01 08:07:51', 1),
(215, 0, 7, 120, 0, 0, 139, '2015-02-01 08:07:51', '2015-02-01 08:07:51', 1),
(216, 0, 7, 120, 0, 0, 139, '2015-02-01 08:07:51', '2015-02-01 08:07:51', 1),
(217, 0, 7, 120, 0, 0, 139, '2015-02-01 08:07:51', '2015-02-01 08:07:51', 1),
(218, 0, 7, 120, 0, 0, 139, '2015-02-01 08:07:51', '2015-02-01 08:07:51', 1),
(219, 0, 7, 120, 0, 0, 139, '2015-02-01 08:07:51', '2015-02-01 08:07:51', 1),
(220, 0, 7, 120, 0, 0, 139, '2015-02-01 08:07:51', '2015-02-01 08:07:51', 1),
(221, 0, 7, 120, 0, 0, 139, '2015-02-01 08:07:51', '2015-02-01 08:07:51', 1),
(222, 0, 7, 120, 0, 0, 139, '2015-02-01 08:07:51', '2015-02-01 08:07:51', 1),
(223, 0, 7, 120, 0, 0, 139, '2015-02-01 08:07:51', '2015-02-01 08:07:51', 1),
(224, 0, 7, 120, 0, 0, 139, '2015-02-01 08:07:51', '2015-02-01 08:07:51', 1),
(225, 0, 7, 120, 0, 0, 139, '2015-02-01 08:07:51', '2015-02-01 08:07:51', 1),
(226, 0, 7, 120, 0, 0, 139, '2015-02-01 08:07:51', '2015-02-01 08:07:51', 1),
(227, 0, 7, 120, 0, 0, 139, '2015-02-01 08:07:51', '2015-02-01 08:07:51', 1),
(228, 0, 7, 120, 0, 0, 139, '2015-02-01 08:07:51', '2015-02-01 08:07:51', 1),
(229, 0, 7, 120, 0, 0, 139, '2015-02-01 08:07:51', '2015-02-01 08:07:51', 1),
(230, 0, 7, 120, 0, 0, 139, '2015-02-01 08:07:51', '2015-02-01 08:07:51', 1),
(231, 0, 7, 120, 0, 0, 139, '2015-02-01 08:07:51', '2015-02-01 08:07:51', 1),
(232, 0, 7, 120, 0, 0, 139, '2015-02-01 08:07:51', '2015-02-01 08:07:51', 1),
(233, 0, 7, 120, 0, 0, 139, '2015-02-01 08:07:51', '2015-02-01 08:07:51', 1),
(234, 0, 7, 120, 0, 0, 139, '2015-02-01 08:07:51', '2015-02-01 08:07:51', 1),
(235, 0, 7, 120, 0, 0, 139, '2015-02-01 08:07:51', '2015-02-01 08:07:51', 1),
(236, 0, 7, 120, 0, 0, 139, '2015-02-01 08:07:51', '2015-02-01 08:07:51', 1),
(237, 0, 7, 120, 0, 0, 139, '2015-02-01 08:07:51', '2015-02-01 08:07:51', 1),
(238, 0, 7, 120, 0, 0, 139, '2015-02-01 08:07:51', '2015-02-01 08:07:51', 1),
(239, 0, 7, 120, 0, 0, 139, '2015-02-01 08:07:51', '2015-02-01 08:07:51', 1),
(240, 0, 7, 120, 0, 0, 139, '2015-02-01 08:07:51', '2015-02-01 08:07:51', 1),
(241, 0, 7, 120, 0, 0, 139, '2015-02-01 08:07:51', '2015-02-01 08:07:51', 1),
(242, 0, 7, 120, 0, 0, 139, '2015-02-01 08:07:51', '2015-02-01 08:07:51', 1),
(243, 0, 7, 120, 0, 0, 139, '2015-02-01 08:07:51', '2015-02-01 08:07:51', 1),
(244, 0, 7, 120, 0, 0, 139, '2015-02-01 08:07:51', '2015-02-01 08:07:51', 1),
(245, 0, 1, 0, 19, 0, 127, '2015-02-01 08:15:31', '2015-02-01 08:15:31', 0),
(246, 0, 7, 0, 17, 0, 112, '2015-02-01 08:15:40', '2015-02-01 08:15:40', 0),
(247, 0, 1, 0, 17, 0, 112, '2015-02-01 08:15:57', '2015-02-01 08:15:57', 0),
(248, 0, 6, 0, 18, 0, 114, '2015-02-01 08:17:24', '2015-02-01 08:17:24', 0),
(249, 0, 6, 0, 18, 0, 114, '2015-02-01 08:17:34', '2015-02-01 08:17:34', 0),
(250, 0, 6, 0, 18, 0, 114, '2015-02-01 08:17:34', '2015-02-01 08:17:34', 0),
(251, 0, 6, 0, 18, 0, 114, '2015-02-01 08:17:34', '2015-02-01 08:17:34', 0),
(252, 0, 6, 0, 18, 0, 114, '2015-02-01 08:17:34', '2015-02-01 08:17:34', 0),
(253, 0, 6, 0, 18, 0, 114, '2015-02-01 08:17:34', '2015-02-01 08:17:34', 0),
(254, 0, 6, 0, 18, 0, 114, '2015-02-01 08:17:34', '2015-02-01 08:17:34', 0),
(255, 0, 6, 0, 18, 0, 114, '2015-02-01 08:17:34', '2015-02-01 08:17:34', 0),
(256, 0, 6, 0, 18, 0, 114, '2015-02-01 08:17:34', '2015-02-01 08:17:34', 0),
(257, 0, 6, 0, 18, 0, 114, '2015-02-01 08:17:34', '2015-02-01 08:17:34', 0),
(258, 0, 6, 0, 18, 0, 114, '2015-02-01 08:17:34', '2015-02-01 08:17:34', 0),
(259, 0, 6, 0, 18, 0, 114, '2015-02-01 08:17:34', '2015-02-01 08:17:34', 0),
(260, 0, 6, 0, 18, 0, 114, '2015-02-01 08:17:34', '2015-02-01 08:17:34', 0),
(261, 0, 6, 0, 18, 0, 114, '2015-02-01 08:17:34', '2015-02-01 08:17:34', 0),
(262, 0, 6, 0, 18, 0, 114, '2015-02-01 08:17:34', '2015-02-01 08:17:34', 0),
(263, 0, 6, 0, 18, 0, 114, '2015-02-01 08:17:34', '2015-02-01 08:17:34', 0),
(264, 0, 6, 0, 18, 0, 114, '2015-02-01 08:17:34', '2015-02-01 08:17:34', 0),
(265, 0, 6, 0, 18, 0, 114, '2015-02-01 08:17:34', '2015-02-01 08:17:34', 0),
(266, 0, 6, 0, 18, 0, 114, '2015-02-01 08:17:34', '2015-02-01 08:17:34', 0),
(267, 0, 6, 0, 18, 0, 114, '2015-02-01 08:17:34', '2015-02-01 08:17:34', 0),
(268, 0, 6, 0, 18, 0, 114, '2015-02-01 08:17:34', '2015-02-01 08:17:34', 0),
(269, 0, 6, 0, 18, 0, 114, '2015-02-01 08:17:34', '2015-02-01 08:17:34', 0),
(270, 0, 6, 0, 18, 0, 114, '2015-02-01 08:17:34', '2015-02-01 08:17:34', 0),
(271, 0, 6, 0, 18, 0, 114, '2015-02-01 08:17:34', '2015-02-01 08:17:34', 0),
(272, 0, 6, 0, 18, 0, 114, '2015-02-01 08:17:34', '2015-02-01 08:17:34', 0),
(273, 0, 6, 0, 18, 0, 114, '2015-02-01 08:17:34', '2015-02-01 08:17:34', 0),
(274, 0, 6, 0, 18, 0, 114, '2015-02-01 08:17:34', '2015-02-01 08:17:34', 0),
(275, 0, 6, 0, 18, 0, 114, '2015-02-01 08:17:34', '2015-02-01 08:17:34', 0),
(276, 0, 6, 0, 18, 0, 114, '2015-02-01 08:17:34', '2015-02-01 08:17:34', 0),
(277, 0, 6, 0, 18, 0, 114, '2015-02-01 08:17:34', '2015-02-01 08:17:34', 0),
(278, 0, 6, 0, 18, 0, 114, '2015-02-01 08:17:34', '2015-02-01 08:17:34', 0),
(279, 0, 6, 0, 18, 0, 114, '2015-02-01 08:17:34', '2015-02-01 08:17:34', 0),
(280, 0, 6, 0, 18, 0, 114, '2015-02-01 08:17:34', '2015-02-01 08:17:34', 0),
(281, 0, 6, 0, 18, 0, 114, '2015-02-01 08:17:34', '2015-02-01 08:17:34', 0),
(282, 0, 6, 0, 18, 0, 114, '2015-02-01 08:17:34', '2015-02-01 08:17:34', 0),
(283, 0, 6, 0, 18, 0, 114, '2015-02-01 08:17:34', '2015-02-01 08:17:34', 0),
(284, 0, 6, 0, 18, 0, 114, '2015-02-01 08:17:34', '2015-02-01 08:17:34', 0),
(285, 0, 6, 0, 18, 0, 114, '2015-02-01 08:17:34', '2015-02-01 08:17:34', 0),
(286, 0, 6, 0, 18, 0, 114, '2015-02-01 08:17:34', '2015-02-01 08:17:34', 0),
(287, 0, 6, 0, 18, 0, 114, '2015-02-01 08:17:34', '2015-02-01 08:17:34', 0),
(288, 0, 6, 0, 18, 0, 114, '2015-02-01 08:17:34', '2015-02-01 08:17:34', 0),
(289, 0, 6, 0, 18, 0, 114, '2015-02-01 08:17:34', '2015-02-01 08:17:34', 0),
(290, 0, 6, 0, 18, 0, 114, '2015-02-01 08:17:34', '2015-02-01 08:17:34', 0),
(291, 0, 6, 0, 18, 0, 114, '2015-02-01 08:17:34', '2015-02-01 08:17:34', 0),
(292, 0, 6, 0, 18, 0, 114, '2015-02-01 08:17:34', '2015-02-01 08:17:34', 0),
(293, 0, 6, 0, 18, 0, 114, '2015-02-01 08:17:34', '2015-02-01 08:17:34', 0),
(294, 0, 6, 0, 18, 0, 114, '2015-02-01 08:17:34', '2015-02-01 08:17:34', 0),
(295, 0, 6, 0, 18, 0, 114, '2015-02-01 08:17:34', '2015-02-01 08:17:34', 0),
(296, 0, 6, 0, 18, 0, 114, '2015-02-01 08:17:34', '2015-02-01 08:17:34', 0),
(297, 0, 6, 0, 18, 0, 114, '2015-02-01 08:17:34', '2015-02-01 08:17:34', 0),
(298, 0, 6, 0, 18, 0, 114, '2015-02-01 08:17:34', '2015-02-01 08:17:34', 0),
(299, 0, 10, 0, 18, 0, 114, '2015-02-01 08:17:46', '2015-02-01 08:17:46', 0),
(300, 0, 10, 0, 18, 0, 114, '2015-02-01 08:17:46', '2015-02-01 08:17:46', 0),
(301, 0, 10, 0, 18, 0, 114, '2015-02-01 08:17:46', '2015-02-01 08:17:46', 0),
(302, 0, 10, 0, 18, 0, 114, '2015-02-01 08:17:46', '2015-02-01 08:17:46', 0),
(303, 0, 10, 0, 18, 0, 114, '2015-02-01 08:17:46', '2015-02-01 08:17:46', 0),
(304, 0, 10, 0, 18, 0, 114, '2015-02-01 08:17:46', '2015-02-01 08:17:46', 0),
(305, 0, 10, 0, 18, 0, 114, '2015-02-01 08:17:46', '2015-02-01 08:17:46', 0),
(306, 0, 10, 0, 18, 0, 114, '2015-02-01 08:17:46', '2015-02-01 08:17:46', 0),
(307, 0, 10, 0, 18, 0, 114, '2015-02-01 08:17:46', '2015-02-01 08:17:46', 0),
(308, 0, 10, 0, 18, 0, 114, '2015-02-01 08:17:46', '2015-02-01 08:17:46', 0),
(309, 0, 10, 0, 18, 0, 114, '2015-02-01 08:17:46', '2015-02-01 08:17:46', 0),
(310, 0, 10, 0, 18, 0, 114, '2015-02-01 08:17:46', '2015-02-01 08:17:46', 0),
(311, 0, 10, 0, 18, 0, 114, '2015-02-01 08:17:46', '2015-02-01 08:17:46', 0),
(312, 0, 10, 0, 18, 0, 114, '2015-02-01 08:17:46', '2015-02-01 08:17:46', 0),
(313, 0, 10, 0, 18, 0, 114, '2015-02-01 08:17:46', '2015-02-01 08:17:46', 0),
(314, 0, 10, 0, 18, 0, 114, '2015-02-01 08:17:46', '2015-02-01 08:17:46', 0),
(315, 0, 10, 0, 18, 0, 114, '2015-02-01 08:17:46', '2015-02-01 08:17:46', 0),
(316, 0, 10, 0, 18, 0, 114, '2015-02-01 08:17:46', '2015-02-01 08:17:46', 0),
(317, 0, 10, 0, 18, 0, 114, '2015-02-01 08:17:46', '2015-02-01 08:17:46', 0),
(318, 0, 10, 0, 18, 0, 114, '2015-02-01 08:17:46', '2015-02-01 08:17:46', 0),
(319, 0, 10, 0, 18, 0, 114, '2015-02-01 08:17:46', '2015-02-01 08:17:46', 0),
(320, 0, 10, 0, 18, 0, 114, '2015-02-01 08:17:46', '2015-02-01 08:17:46', 0),
(321, 0, 10, 0, 18, 0, 114, '2015-02-01 08:17:46', '2015-02-01 08:17:46', 0),
(322, 0, 10, 0, 18, 0, 114, '2015-02-01 08:17:46', '2015-02-01 08:17:46', 0),
(323, 0, 10, 0, 18, 0, 114, '2015-02-01 08:17:46', '2015-02-01 08:17:46', 0),
(324, 0, 10, 0, 18, 0, 114, '2015-02-01 08:17:46', '2015-02-01 08:17:46', 0),
(325, 0, 10, 0, 18, 0, 114, '2015-02-01 08:17:46', '2015-02-01 08:17:46', 0),
(326, 0, 10, 0, 18, 0, 114, '2015-02-01 08:17:46', '2015-02-01 08:17:46', 0),
(327, 0, 10, 0, 18, 0, 114, '2015-02-01 08:17:46', '2015-02-01 08:17:46', 0),
(328, 0, 10, 0, 18, 0, 114, '2015-02-01 08:17:46', '2015-02-01 08:17:46', 0),
(329, 0, 10, 0, 18, 0, 114, '2015-02-01 08:17:46', '2015-02-01 08:17:46', 0),
(330, 0, 10, 0, 18, 0, 114, '2015-02-01 08:17:46', '2015-02-01 08:17:46', 0),
(331, 0, 10, 0, 18, 0, 114, '2015-02-01 08:17:46', '2015-02-01 08:17:46', 0),
(332, 0, 10, 0, 18, 0, 114, '2015-02-01 08:17:46', '2015-02-01 08:17:46', 0),
(333, 0, 10, 0, 18, 0, 114, '2015-02-01 08:17:46', '2015-02-01 08:17:46', 0),
(334, 0, 10, 0, 18, 0, 114, '2015-02-01 08:17:46', '2015-02-01 08:17:46', 0),
(335, 0, 10, 0, 18, 0, 114, '2015-02-01 08:17:46', '2015-02-01 08:17:46', 0),
(336, 0, 10, 0, 18, 0, 114, '2015-02-01 08:17:46', '2015-02-01 08:17:46', 0),
(337, 0, 10, 0, 18, 0, 114, '2015-02-01 08:17:46', '2015-02-01 08:17:46', 0),
(338, 0, 10, 0, 18, 0, 114, '2015-02-01 08:17:46', '2015-02-01 08:17:46', 0),
(339, 0, 10, 0, 18, 0, 114, '2015-02-01 08:17:46', '2015-02-01 08:17:46', 0),
(340, 0, 10, 0, 18, 0, 114, '2015-02-01 08:17:46', '2015-02-01 08:17:46', 0),
(341, 0, 10, 0, 18, 0, 114, '2015-02-01 08:17:46', '2015-02-01 08:17:46', 0),
(342, 0, 10, 0, 18, 0, 114, '2015-02-01 08:17:46', '2015-02-01 08:17:46', 0),
(343, 0, 10, 0, 18, 0, 114, '2015-02-01 08:17:46', '2015-02-01 08:17:46', 0),
(344, 0, 10, 0, 18, 0, 114, '2015-02-01 08:17:46', '2015-02-01 08:17:46', 0),
(345, 0, 10, 0, 18, 0, 114, '2015-02-01 08:17:46', '2015-02-01 08:17:46', 0),
(346, 0, 10, 0, 18, 0, 114, '2015-02-01 08:17:46', '2015-02-01 08:17:46', 0),
(347, 0, 10, 0, 18, 0, 114, '2015-02-01 08:17:46', '2015-02-01 08:17:46', 0),
(348, 0, 10, 0, 18, 0, 114, '2015-02-01 08:17:46', '2015-02-01 08:17:46', 0),
(349, 0, 2, 0, 0, 10, 128, '2015-02-01 08:18:10', '2015-02-01 08:18:10', 0),
(350, 0, 2, 0, 0, 10, 128, '2015-02-01 08:18:10', '2015-02-01 08:18:10', 0),
(351, 0, 2, 0, 0, 10, 128, '2015-02-01 08:18:10', '2015-02-01 08:18:10', 0),
(352, 0, 2, 0, 0, 10, 128, '2015-02-01 08:18:10', '2015-02-01 08:18:10', 0),
(353, 0, 2, 0, 0, 10, 128, '2015-02-01 08:18:10', '2015-02-01 08:18:10', 0),
(354, 0, 1, 0, 0, 7, 116, '2015-02-01 08:18:16', '2015-02-01 08:18:16', 0),
(355, 0, 1, 0, 0, 7, 116, '2015-02-01 08:18:16', '2015-02-01 08:18:16', 0),
(356, 0, 1, 0, 0, 7, 116, '2015-02-01 08:18:16', '2015-02-01 08:18:16', 0),
(357, 0, 1, 0, 0, 7, 116, '2015-02-01 08:18:16', '2015-02-01 08:18:16', 0),
(358, 0, 1, 0, 0, 7, 116, '2015-02-01 08:18:16', '2015-02-01 08:18:16', 0),
(359, 0, 5, 0, 0, 7, 116, '2015-02-01 08:18:25', '2015-02-01 08:18:25', 0),
(360, 0, 5, 0, 0, 7, 116, '2015-02-01 08:18:25', '2015-02-01 08:18:25', 0),
(361, 0, 5, 0, 0, 7, 116, '2015-02-01 08:18:25', '2015-02-01 08:18:25', 0),
(362, 0, 5, 0, 0, 7, 116, '2015-02-01 08:18:28', '2015-02-01 08:18:28', 0),
(363, 0, 5, 0, 0, 7, 116, '2015-02-01 08:18:28', '2015-02-01 08:18:28', 0),
(364, 0, 5, 0, 0, 7, 116, '2015-02-01 08:18:28', '2015-02-01 08:18:28', 0),
(365, 0, 10, 0, 0, 7, 116, '2015-02-01 08:18:33', '2015-02-01 08:18:33', 0),
(366, 0, 10, 0, 0, 7, 116, '2015-02-01 08:18:33', '2015-02-01 08:18:33', 0),
(367, 0, 10, 0, 0, 7, 116, '2015-02-01 08:18:33', '2015-02-01 08:18:33', 0),
(368, 0, 10, 0, 0, 7, 116, '2015-02-01 08:18:39', '2015-02-01 08:18:39', 0),
(369, 0, 10, 0, 0, 7, 116, '2015-02-01 08:18:39', '2015-02-01 08:18:39', 0),
(370, 0, 10, 0, 0, 7, 116, '2015-02-01 08:18:39', '2015-02-01 08:18:39', 0);

-- --------------------------------------------------------

--
-- Table structure for table `returns`
--

CREATE TABLE IF NOT EXISTS `returns` (
`id` int(10) NOT NULL,
  `customer_id` int(10) NOT NULL,
  `devices` text NOT NULL,
  `rma_id` varchar(100) NOT NULL,
  `reference_id` varchar(100) NOT NULL,
  `reason` text NOT NULL,
  `refund_amount` decimal(10,2) NOT NULL,
  `created_at` timestamp NOT NULL DEFAULT '0000-00-00 00:00:00',
  `updated_at` timestamp NOT NULL DEFAULT CURRENT_TIMESTAMP ON UPDATE CURRENT_TIMESTAMP,
  `deleted` tinyint(10) NOT NULL DEFAULT '0'
) ENGINE=InnoDB  DEFAULT CHARSET=utf8 AUTO_INCREMENT=11 ;

--
-- Dumping data for table `returns`
--

INSERT INTO `returns` (`id`, `customer_id`, `devices`, `rma_id`, `reference_id`, `reason`, `refund_amount`, `created_at`, `updated_at`, `deleted`) VALUES
(1, 3, 'remote', 'USART010215-001', 'R121212-01', 'i dont know', '483.34', '2014-12-21 00:22:49', '2015-01-14 09:07:02', 0),
(2, 60, '', '', '', '', '222.22', '2015-01-13 10:20:48', '2015-01-13 10:20:48', 0),
(3, 64, '', 'USART011415-1', 'F2015-1', 'test4', '2222.00', '2015-01-14 09:13:00', '2015-01-14 09:31:52', 0),
(4, 65, '', 'USART011415-2', 'F2015-2', 'test5', '5555.00', '2015-01-14 09:17:58', '2015-01-14 09:31:44', 0),
(5, 94, '1 iCamera (1st Gen),1 iCamera KEEP,3 Smart Switch', 'USART011615-0003', 'F2015-0003', 'qqqq', '5000.00', '2015-01-16 11:07:17', '2015-01-17 22:52:00', 1),
(6, 115, '', 'USART012415-0004', 'F2015-0004', 'dddd', '0.00', '2015-01-24 11:41:18', '2015-01-24 11:41:18', 0),
(7, 116, '5 Remote Tag, 6 CubeOne, 6 Deluxe Package', 'USART012415-0005', 'F2015-0005', 'qqq', '888.88', '2015-01-24 11:42:03', '2015-02-01 08:18:39', 0),
(8, 117, '', 'USART012415-0006', 'F2015-0006', 'www', '222.22', '2015-01-24 11:43:59', '2015-01-24 11:43:59', 0),
(9, 118, '555 Contact Sensor, 22 CubeOne', 'USART012415-0007', 'F2015-0007', 'zzzz', '44.55', '2015-01-24 11:45:15', '2015-01-24 11:45:15', 0),
(10, 128, '5 Contact Sensor', 'USART013015-0008', 'F2015-0008', 'CCCC', '1111.00', '2015-01-30 08:16:27', '2015-02-01 08:18:10', 0);

-- --------------------------------------------------------

--
-- Table structure for table `samples`
--

CREATE TABLE IF NOT EXISTS `samples` (
`id` int(5) NOT NULL,
  `customer_id` int(5) NOT NULL,
  `devices` text NOT NULL,
  `rma_id` varchar(100) NOT NULL,
  `reference_id` varchar(100) NOT NULL,
  `reason` varchar(100) NOT NULL,
  `created_at` timestamp NOT NULL DEFAULT '0000-00-00 00:00:00',
  `updated_at` timestamp NOT NULL DEFAULT CURRENT_TIMESTAMP ON UPDATE CURRENT_TIMESTAMP,
  `deleted` tinyint(10) NOT NULL DEFAULT '0'
) ENGINE=InnoDB  DEFAULT CHARSET=utf8 AUTO_INCREMENT=121 ;

--
-- Dumping data for table `samples`
--

INSERT INTO `samples` (`id`, `customer_id`, `devices`, `rma_id`, `reference_id`, `reason`, `created_at`, `updated_at`, `deleted`) VALUES
(1, 1, '', 'USARP011415-577', '', '', '0000-00-00 00:00:00', '2015-01-15 09:05:09', 0),
(2, 4, '', '', '', '', '0000-00-00 00:00:00', '2014-12-19 07:20:23', 0),
(3, 6, '', '', '', '', '0000-00-00 00:00:00', '2014-12-19 07:20:23', 0),
(4, 7, '', '', '', '', '0000-00-00 00:00:00', '2014-12-19 07:20:23', 0),
(5, 8, '', '', '', '', '0000-00-00 00:00:00', '2014-12-19 07:20:23', 0),
(6, 0, '', '', '', '', '0000-00-00 00:00:00', '2014-12-19 07:53:33', 0),
(7, 0, '', '', '', '', '0000-00-00 00:00:00', '2014-12-19 07:58:09', 0),
(8, 0, '', '', '', '', '0000-00-00 00:00:00', '2014-12-19 07:58:57', 0),
(9, 0, '', '', '', '', '0000-00-00 00:00:00', '2014-12-19 07:59:57', 0),
(10, 0, '', '', '', '', '0000-00-00 00:00:00', '2014-12-19 08:00:11', 0),
(11, 0, '', '', '', '', '0000-00-00 00:00:00', '2014-12-19 08:01:21', 0),
(12, 0, '', '', '', '', '0000-00-00 00:00:00', '2014-12-19 08:01:40', 0),
(13, 0, '', '', '', '', '0000-00-00 00:00:00', '2014-12-19 08:02:23', 0),
(14, 0, '', '', '', '', '0000-00-00 00:00:00', '2014-12-19 08:02:43', 0),
(15, 9, '', '', '', '', '0000-00-00 00:00:00', '2014-12-19 08:02:54', 0),
(16, 10, '', '', '', '', '0000-00-00 00:00:00', '2014-12-19 08:03:15', 0),
(17, 11, '', '', '', '', '0000-00-00 00:00:00', '2014-12-19 08:04:04', 0),
(18, 12, '', '', '', '', '0000-00-00 00:00:00', '2014-12-19 08:04:18', 0),
(19, 17, '', '', '', '', '2014-12-19 09:04:35', '2014-12-19 09:04:35', 0),
(20, 19, '', '', '', '', '2014-12-19 10:05:24', '2014-12-19 10:05:24', 0),
(21, 21, '', '', '', '', '2014-12-19 10:11:58', '2014-12-19 10:11:58', 0),
(22, 22, '', '', '', '', '2014-12-19 10:14:24', '2014-12-19 10:14:24', 0),
(23, 23, '', '', '', '', '2014-12-19 10:14:47', '2014-12-19 10:14:47', 0),
(24, 24, '', '', '', '', '2014-12-19 10:15:01', '2014-12-19 10:15:01', 0),
(25, 25, '', '', '', '', '2014-12-19 10:20:33', '2014-12-19 10:20:33', 0),
(26, 26, '', '', '', '', '2014-12-19 10:21:20', '2014-12-19 10:21:20', 0),
(27, 27, '', '', '', '', '2014-12-19 10:23:05', '2014-12-19 10:23:05', 0),
(28, 0, '', '', '', '', '2014-12-21 01:12:12', '2014-12-21 01:12:12', 0),
(29, 0, '', '', '', '', '2014-12-21 01:13:03', '2014-12-21 01:13:03', 0),
(30, 0, '', '', '', '', '2014-12-21 01:13:32', '2014-12-21 01:13:32', 0),
(31, 0, '', '', '', '', '2014-12-21 01:30:25', '2014-12-21 01:30:25', 0),
(32, 0, '', '', '', '', '2014-12-21 01:33:44', '2014-12-21 01:33:44', 0),
(33, 0, '', '', '', '', '2014-12-21 01:35:15', '2014-12-21 01:35:15', 0),
(34, 0, '', '', '', '', '2014-12-21 01:36:47', '2014-12-21 01:36:47', 0),
(35, 28, '', '', '', '', '2014-12-21 01:38:28', '2014-12-21 01:38:28', 0),
(36, 29, '', '', '', '', '2014-12-21 01:38:52', '2014-12-21 01:38:52', 0),
(37, 30, '', '', '', '', '2014-12-21 01:39:12', '2014-12-21 01:39:12', 0),
(38, 31, '', '', '', '', '2014-12-22 06:35:36', '2014-12-22 06:35:36', 0),
(39, 32, '', '', '', '', '2014-12-22 11:46:56', '2014-12-22 11:46:56', 0),
(40, 33, '', '', '', '', '2015-01-12 02:26:25', '2015-01-12 02:26:25', 0),
(41, 34, '', '', '', '', '2015-01-12 02:26:57', '2015-01-12 02:26:57', 0),
(42, 36, '', '', '', '', '2015-01-12 05:14:37', '2015-01-12 05:14:37', 0),
(43, 37, '', '', '', '', '2015-01-12 05:16:41', '2015-01-12 05:16:41', 0),
(44, 38, '', '', '', '', '2015-01-12 05:17:50', '2015-01-12 05:17:50', 0),
(45, 39, '', '', '', '', '2015-01-12 05:19:10', '2015-01-12 05:19:10', 0),
(46, 40, '', '', '', '', '2015-01-12 05:22:58', '2015-01-12 05:22:58', 0),
(47, 41, '', '', '', '', '2015-01-12 05:23:18', '2015-01-12 05:23:18', 0),
(48, 42, '', '', '', '', '2015-01-12 05:25:43', '2015-01-12 05:25:43', 0),
(49, 43, '', '', '', '', '2015-01-12 05:26:14', '2015-01-12 05:26:14', 0),
(50, 44, '', '', '', '', '2015-01-12 05:26:48', '2015-01-12 05:26:48', 0),
(51, 45, '', '', '', '', '2015-01-12 05:28:05', '2015-01-12 05:28:05', 0),
(52, 46, '', '', '', '', '2015-01-12 05:35:08', '2015-01-12 05:35:08', 0),
(53, 50, '', '', '', '', '2015-01-12 05:45:05', '2015-01-12 05:45:05', 0),
(54, 51, '', '', '', '', '2015-01-12 05:47:34', '2015-01-12 05:47:34', 0),
(55, 52, '', '', '', '', '2015-01-12 05:48:04', '2015-01-12 05:48:04', 0),
(56, 53, '', 'USARP022213-569', 'S2015-403', 'add reason here', '2015-01-12 07:52:54', '2015-01-12 10:16:42', 0),
(57, 54, '', 'USARP011215-570', 'S2015-404', 'blargh', '2015-01-12 10:29:38', '2015-01-12 10:29:38', 0),
(58, 55, '', 'USARP011315-571', 'S2015-405', 'reason is this', '2015-01-13 09:31:36', '2015-01-13 09:31:36', 0),
(59, 57, '', 'USARP011315-572', 'S2015-406', 'lasttest', '2015-01-13 10:15:57', '2015-01-13 10:15:57', 0),
(60, 69, '', 'USARP011615-0573', 'S2015-0407', 'aa', '2015-01-16 10:09:10', '2015-01-16 10:09:10', 0),
(61, 70, '', 'USARP011615-0574', 'S2015-0408', 'bb', '2015-01-16 10:09:47', '2015-01-16 10:09:47', 0),
(62, 71, '', 'USARP011615-0575', 'S2015-0409', 'cc', '2015-01-16 10:11:32', '2015-01-16 10:11:32', 0),
(63, 72, '', 'USARP011615-0576', 'S2015-0410', 'dd', '2015-01-16 10:12:05', '2015-01-16 10:12:05', 0),
(64, 73, '', 'USARP011615-0577', 'S2015-0411', 'ee', '2015-01-16 10:12:22', '2015-01-16 10:12:22', 0),
(65, 74, '', 'USARP011615-0578', 'S2015-0412', 'ff', '2015-01-16 10:13:12', '2015-01-16 10:13:12', 0),
(66, 75, '', 'USARP011615-0579', 'S2015-0413', 'ggg', '2015-01-16 10:14:28', '2015-01-16 10:14:28', 0),
(67, 76, '', 'USARP011615-0580', 'S2015-0414', 'hhh', '2015-01-16 10:18:02', '2015-01-16 10:18:02', 0),
(68, 77, '', 'USARP011615-0581', 'S2015-0415', 'iii', '2015-01-16 10:24:43', '2015-01-16 10:24:43', 0),
(69, 78, '', 'USARP011615-0582', 'S2015-0416', 'aaa', '2015-01-16 10:28:38', '2015-01-16 10:28:38', 0),
(70, 79, '', 'USARP011615-0583', 'S2015-0417', 'bbb', '2015-01-16 10:29:45', '2015-01-16 10:29:45', 0),
(71, 80, '', 'USARP011615-0584', 'S2015-0418', 'ccc', '2015-01-16 10:30:10', '2015-01-16 10:30:10', 0),
(72, 81, '', 'USARP011615-0585', 'S2015-0419', 'ddd', '2015-01-16 10:34:44', '2015-01-16 10:34:44', 0),
(73, 82, '', 'USARP011615-0586', 'S2015-0420', 'eee', '2015-01-16 10:35:10', '2015-01-16 10:35:10', 0),
(74, 83, '', 'USARP011615-0587', 'S2015-0421', 'fff', '2015-01-16 10:35:48', '2015-01-16 10:35:48', 0),
(75, 84, '', 'USARP011615-0588', 'S2015-0422', 'ggg', '2015-01-16 10:36:38', '2015-01-16 10:36:38', 0),
(76, 85, '', 'USARP011615-0589', 'S2015-0423', 'aaaaa', '2015-01-16 10:42:27', '2015-01-16 10:42:27', 0),
(77, 86, '', 'USARP011615-0590', 'S2015-0424', 'bbbb', '2015-01-16 10:50:38', '2015-01-16 10:50:38', 0),
(78, 87, '', 'USARP011615-0591', 'S2015-0425', 'cccc', '2015-01-16 10:52:33', '2015-01-16 10:52:33', 0),
(79, 88, '', 'USARP011615-0592', 'S2015-0426', 'dddd', '2015-01-16 10:54:00', '2015-01-16 10:54:00', 0),
(80, 89, '', 'USARP011615-0593', 'S2015-0427', 'hhhh', '2015-01-16 10:54:31', '2015-01-16 10:54:31', 0),
(81, 90, '', 'USARP011615-0594', 'S2015-0428', 'ssss', '2015-01-16 10:56:18', '2015-01-16 10:56:18', 0),
(82, 91, '', 'USARP011615-0595', 'S2015-0429', 'sssss', '2015-01-16 10:56:51', '2015-01-17 22:51:26', 1),
(83, 92, '1 Remote Tag,3 Motion Sensor,1 CubeOne', 'USARP011615-0596', 'S2015-0430', 'PLEASE FUCKING WORK', '2015-01-16 10:59:46', '2015-01-17 22:48:24', 1),
(84, 95, '1 Remote Tag,1 Motion Sensor,1 Smart Switch', 'USARP011815-0597', 'S2015-0431', 'hello', '2015-01-17 23:18:14', '2015-01-17 23:18:14', 0),
(85, 98, '1 Remote Tag,1 Motion Sensor,1 Smart Switch', 'USARP011815-0598', 'S2015-0432', 'c', '2015-01-18 10:41:43', '2015-01-18 10:41:43', 0),
(86, 99, '1 Remote Tag,1 Motion Sensor,1 Smart Switch', 'USARP011815-0599', 'S2015-0433', 'd', '2015-01-18 10:50:31', '2015-01-18 10:50:31', 0),
(87, 100, '1 Remote Tag,1 Motion Sensor', 'USARP011815-0600', 'S2015-0434', 'e', '2015-01-18 10:51:25', '2015-01-18 10:51:25', 0),
(88, 101, '1 Remote Tag,5 Motion Sensor,10 iCamera KEEP', 'USARP011815-0601', 'S2015-0435', 'fff', '2015-01-18 10:59:52', '2015-01-18 10:59:52', 0),
(89, 102, '1 Remote Tag,5 Motion Sensor,10 iCamera KEEP', 'USARP011815-0602', 'S2015-0436', 'ggg', '2015-01-18 11:01:16', '2015-01-18 11:01:16', 0),
(90, 103, '', 'USARP011815-0603', 'S2015-0437', 'hhh', '2015-01-18 11:26:07', '2015-01-18 11:26:07', 0),
(91, 104, '', 'USARP011815-0604', 'S2015-0438', 'iii', '2015-01-18 11:28:09', '2015-01-18 11:28:09', 0),
(92, 105, '', 'USARP011915-0605', 'S2015-0439', 'eee', '2015-01-19 01:19:27', '2015-01-19 01:19:27', 0),
(93, 106, '', 'USARP011915-0606', 'S2015-0440', 'sss', '2015-01-19 01:26:12', '2015-01-19 01:26:12', 0),
(94, 107, '', 'USARP011915-0607', 'S2015-0441', 'eeeee', '2015-01-19 01:28:49', '2015-01-19 01:28:49', 0),
(96, 108, '', 'USARP011915-0001', 'S2015-0001', 'fffff', '2015-01-19 01:35:21', '2015-01-19 01:43:17', 0),
(98, 109, '', 'USARP011915-0002', 'S2015-0002', 'aaaaa', '2015-01-19 01:45:49', '2015-01-19 01:45:49', 0),
(100, 110, '', 'USARP011915-0003', 'S2015-0003', 'qqqq', '2015-01-19 01:49:19', '2015-01-19 01:49:19', 0),
(101, 111, '9 Remote Tag, 10 Motion Sensor, 10 Motion Sensor, 9 Remote Tag, 10 Motion Sensor', 'USARP011915-0004', 'S2015-0004', 'hghhhh', '2015-01-19 01:51:17', '2015-01-26 10:11:20', 0),
(102, 113, '55 iCamera KEEP, 66 Motion Sensor', 'USARP012415-0005', 'S2015-0005', 'ssss', '2015-01-24 11:22:02', '2015-01-24 11:22:02', 0),
(103, 119, '1 Remote Tag, 1 Motion Sensor, 1 Smart Switch, 1 CubeOne, 2 iCamera KEEP, 1 iCamera (First Gen), 1 P', 'USARP012515-0006', 'S2015-0006', 'TEST TEST', '2015-01-25 03:01:22', '2015-01-25 03:01:22', 0),
(104, 120, '1 Remote Tag, 1 Motion Sensor, 1 Smart Switch, 1 CubeOne, 1 Contact Sensor, 1 iCamera KEEP, 1 iCamer', 'USARP012515-0007', 'S2015-0007', 'hell', '2015-01-25 03:03:06', '2015-01-25 10:47:15', 1),
(105, 121, '1 Remote Tag, 1 Contact Sensor, 1 Motion Sensor, 1 Smart Switch, 1 CubeOne, 1 iCamera KEEP, 1 iCamera (First Gen), 1 Preferred Package, 1 Premium Package, 1 Deluxe Package', 'USARP012515-0008', 'S2015-0008', 'aaaaaa', '2015-01-25 03:11:40', '2015-01-25 03:11:41', 0),
(106, 122, '', 'USARP012615-0009', 'S2015-0009', 'justinchitest', '2015-01-26 02:36:35', '2015-01-26 02:36:35', 0),
(107, 123, '1 Remote Tag, 222 Contact Sensor, 1 Remote Tag, 222 Contact Sensor, 1 Remote Tag, 222 Contact Sensor, 1 Remote Tag, 222 Contact Sensor, 1 Remote Tag, 222 Contact Sensor, 1 Remote Tag, 222 Contact Sensor, 1 Remote Tag, 222 Contact Sensor, 1 Remote Tag', 'USARP012615-0010', 'S2015-0010', 'TTTTT', '2015-01-26 02:38:46', '2015-01-30 07:33:49', 0),
(108, 124, '', 'USARP013015-0011', 'S2015-0011', 'AAAA', '2015-01-30 07:59:18', '2015-01-30 07:59:18', 0),
(109, 125, '', 'USARP013015-0012', 'S2015-0012', 'DDDD', '2015-01-30 08:01:15', '2015-01-30 08:01:15', 0),
(110, 126, '', 'USARP013015-0013', 'S2015-0013', 'aaaa', '2015-01-30 08:15:25', '2015-01-30 08:15:25', 0),
(111, 129, '', 'USARP013015-0014', 'S2015-0014', 'D', '2015-01-30 08:16:58', '2015-01-30 08:16:58', 0),
(112, 130, '', 'USARP013015-0015', 'S2015-0015', 'E', '2015-01-30 08:18:09', '2015-01-30 08:18:09', 0),
(113, 131, '', 'USARP013015-0016', 'S2015-0016', 'FFF', '2015-01-30 09:02:48', '2015-01-30 09:02:48', 0),
(114, 132, '', 'USARP013015-0017', 'S2015-0017', 'GGG', '2015-01-30 09:05:49', '2015-01-30 09:05:49', 0),
(115, 133, '', 'USARP013015-0018', 'S2015-0018', 'HH', '2015-01-30 09:08:08', '2015-01-30 09:08:08', 0),
(116, 134, '', 'USARP013015-0019', 'S2015-0019', 'i', '2015-01-30 09:10:06', '2015-01-30 09:10:06', 0),
(117, 135, '', 'USARP013015-0020', 'S2015-0020', 'jjj', '2015-01-30 09:11:24', '2015-01-30 09:11:24', 0),
(118, 136, '1 Remote Tag, 2 Motion Sensor, 3 Smart Switch', 'USARP013015-0021', 'S2015-0021', 'KKK', '2015-01-30 09:12:55', '2015-02-01 08:14:41', 0),
(119, 138, '1 Remote Tag, 2 Motion Sensor, 3 Smart Switch, 1 CubeOne', 'USARP013015-0022', 'S2015-0022', 'QQQ', '2015-01-30 09:39:45', '2015-02-01 08:15:15', 0),
(120, 139, '1 CubeOne, 2 iCamera KEEP', 'USARP020115-0023', 'S2015-0023', 'EEE', '2015-02-01 00:03:16', '2015-02-01 08:07:51', 0);

--
-- Indexes for dumped tables
--

--
-- Indexes for table `customers`
--
ALTER TABLE `customers`
 ADD PRIMARY KEY (`id`);

--
-- Indexes for table `devices`
--
ALTER TABLE `devices`
 ADD PRIMARY KEY (`id`);

--
-- Indexes for table `early_ships`
--
ALTER TABLE `early_ships`
 ADD PRIMARY KEY (`id`);

--
-- Indexes for table `replacements`
--
ALTER TABLE `replacements`
 ADD PRIMARY KEY (`id`);

--
-- Indexes for table `requested_devices`
--
ALTER TABLE `requested_devices`
 ADD PRIMARY KEY (`id`);

--
-- Indexes for table `returns`
--
ALTER TABLE `returns`
 ADD PRIMARY KEY (`id`);

--
-- Indexes for table `samples`
--
ALTER TABLE `samples`
 ADD PRIMARY KEY (`id`);

--
-- AUTO_INCREMENT for dumped tables
--

--
-- AUTO_INCREMENT for table `customers`
--
ALTER TABLE `customers`
MODIFY `id` int(10) NOT NULL AUTO_INCREMENT,AUTO_INCREMENT=140;
--
-- AUTO_INCREMENT for table `devices`
--
ALTER TABLE `devices`
MODIFY `id` int(10) NOT NULL AUTO_INCREMENT,AUTO_INCREMENT=11;
--
-- AUTO_INCREMENT for table `early_ships`
--
ALTER TABLE `early_ships`
MODIFY `id` int(10) NOT NULL AUTO_INCREMENT,AUTO_INCREMENT=62;
--
-- AUTO_INCREMENT for table `replacements`
--
ALTER TABLE `replacements`
MODIFY `id` int(5) NOT NULL AUTO_INCREMENT,AUTO_INCREMENT=21;
--
-- AUTO_INCREMENT for table `requested_devices`
--
ALTER TABLE `requested_devices`
MODIFY `id` int(10) NOT NULL AUTO_INCREMENT,AUTO_INCREMENT=371;
--
-- AUTO_INCREMENT for table `returns`
--
ALTER TABLE `returns`
MODIFY `id` int(10) NOT NULL AUTO_INCREMENT,AUTO_INCREMENT=11;
--
-- AUTO_INCREMENT for table `samples`
--
ALTER TABLE `samples`
MODIFY `id` int(5) NOT NULL AUTO_INCREMENT,AUTO_INCREMENT=121;
/*!40101 SET CHARACTER_SET_CLIENT=@OLD_CHARACTER_SET_CLIENT */;
/*!40101 SET CHARACTER_SET_RESULTS=@OLD_CHARACTER_SET_RESULTS */;
/*!40101 SET COLLATION_CONNECTION=@OLD_COLLATION_CONNECTION */;
